director_name,director_facebook_likes,selected
James Cameron,0.0,False
Gore Verbinski,563.0,False
Sam Mendes,0.0,False
Christopher Nolan,22000.0,False
Andrew Stanton,475.0,False
Sam Raimi,0.0,False
Nathan Greno,15.0,False
Joss Whedon,0.0,False
David Yates,282.0,False
Zack Snyder,0.0,False
Bryan Singer,0.0,False
Marc Forster,395.0,False
Gore Verbinski,563.0,False
Gore Verbinski,563.0,False
Zack Snyder,0.0,False
Andrew Adamson,80.0,False
Joss Whedon,0.0,False
Rob Marshall,252.0,False
Barry Sonnenfeld,188.0,False
Peter Jackson,0.0,False
Marc Webb,464.0,False
Ridley Scott,0.0,False
Peter Jackson,0.0,False
Chris Weitz,129.0,False
Peter Jackson,0.0,False
James Cameron,0.0,False
Anthony Russo,94.0,False
Peter Berg,532.0,False
Colin Trevorrow,365.0,False
Sam Mendes,0.0,False
Sam Raimi,0.0,False
Shane Black,1000.0,False
Tim Burton,13000.0,False
Brett Ratner,420.0,False
Dan Scanlon,37.0,False
Michael Bay,0.0,False
Michael Bay,0.0,False
Sam Raimi,0.0,False
Marc Webb,464.0,False
Joseph Kosinski,364.0,False
John Lasseter,487.0,False
Martin Campbell,258.0,False
Lee Unkrich,125.0,False
McG,368.0,False
James Wan,0.0,False
Marc Forster,395.0,False
Bryan Singer,0.0,False
J.J. Abrams,14000.0,False
Bryan Singer,0.0,False
Baz Luhrmann,1000.0,False
Mike Newell,179.0,False
Guillermo del Toro,0.0,False
Michael Bay,0.0,False
Steven Spielberg,14000.0,False
Mark Andrews,56.0,False
Justin Lin,681.0,False
Andrew Stanton,475.0,False
Brett Ratner,420.0,False
Roland Emmerich,776.0,False
Robert Zemeckis,0.0,False
Lana Wachowski,0.0,False
David Yates,282.0,False
Andrew Adamson,80.0,False
Bryan Singer,0.0,False
Christopher Nolan,22000.0,False
Pete Docter,0.0,False
Rob Letterman,11.0,False
Jon Favreau,4000.0,False
Martin Scorsese,17000.0,False
Barry Sonnenfeld,188.0,False
Rob Cohen,357.0,False
David Ayer,452.0,False
Tom Shadyac,293.0,False
Doug Liman,218.0,False
Kevin Reynolds,58.0,False
Stephen Sommers,208.0,False
Pete Docter,0.0,False
Jon Favreau,4000.0,False
Jon Favreau,4000.0,False
Rupert Sanders,274.0,False
Robert Stromberg,171.0,False
Matt Reeves,198.0,False
Carl Rinsch,47.0,False
Anthony Russo,94.0,False
Mike Mitchell,31.0,False
Brad Bird,663.0,False
Don Hall,38.0,False
Rich Moore,66.0,False
Robert Zemeckis,0.0,False
Roland Emmerich,776.0,False
Dean DeBlois,255.0,False
Jonathan Mostow,84.0,False
James Gunn,571.0,False
Christopher Nolan,22000.0,False
Christopher Nolan,22000.0,False
Rob Cohen,357.0,False
David Fincher,21000.0,False
Matthew Vaughn,905.0,False
Francis Lawrence,508.0,False
Jon Turteltaub,226.0,False
Wolfgang Petersen,249.0,False
James Bobin,33.0,False
Chris Miller,50.0,False
Duncan Jones,0.0,False
Alan Taylor,230.0,False
Michael Apted,150.0,False
Michael Bay,0.0,False
Michael Bay,0.0,False
Oliver Stone,0.0,False
David Yates,282.0,False
Mike Newell,179.0,False
Peter Berg,532.0,False
Francis Lawrence,508.0,False
Tim Burton,13000.0,False
Brad Bird,663.0,False
Christopher Nolan,22000.0,False
Eric Darnell,35.0,False
Shawn Levy,189.0,False
Gavin Hood,151.0,False
Lana Wachowski,0.0,False
Chris Buck,69.0,False
Lana Wachowski,0.0,False
Alan Taylor,230.0,False
George Miller,750.0,False
Ron Howard,2000.0,False
Kenneth Branagh,0.0,False
Byron Howard,59.0,False
Hoyt Yeatman,12.0,False
Jonathan Liebesman,473.0,False
Tim Burton,13000.0,False
Christopher McQuarrie,188.0,False
Joe Johnston,394.0,False
David Yates,282.0,False
Steve Hickner,58.0,False
Jennifer Yuh Nelson,90.0,False
M. Night Shyamalan,0.0,False
J.J. Abrams,14000.0,False
Roland Emmerich,776.0,False
Simon Wells,25.0,False
David Bowers,42.0,False
Joe Wright,456.0,False
Rob Minkoff,50.0,False
Wolfgang Petersen,249.0,False
Eric Darnell,35.0,False
Lee Tamahori,93.0,False
Paul Feig,176.0,False
Michael Bay,0.0,False
Barry Sonnenfeld,188.0,False
Robert Zemeckis,0.0,False
Alessandro Carloni,5.0,False
Brad Bird,663.0,False
Peter Ramsey,52.0,False
Dean Parisot,23.0,False
Edward Zwick,380.0,False
Ridley Scott,0.0,False
J.J. Abrams,14000.0,False
Sam Raimi,0.0,False
Dean DeBlois,255.0,False
Alex Proyas,295.0,False
Rob Cohen,357.0,False
Zack Snyder,0.0,False
Richard Donner,503.0,False
Ang Lee,0.0,False
Jon M. Chu,209.0,False
Breck Eisner,42.0,False
Hironobu Sakaguchi,6.0,False
Joe Johnston,394.0,False
Michael Apted,150.0,False
Peter Weir,608.0,False
Bill Condon,386.0,False
George Miller,750.0,False
Louis Leterrier,255.0,False
Steven Spielberg,14000.0,False
Alejandro G. Iñárritu,0.0,False
David Soren,13.0,False
Gore Verbinski,563.0,False
Eric Darnell,35.0,False
Paul Greengrass,521.0,False
Mark Osborne,54.0,False
Peyton Reed,235.0,False
Francis Lawrence,508.0,False
Bill Condon,386.0,False
Tim Johnson,12.0,False
Steven Spielberg,14000.0,False
Michael Bay,0.0,False
Chris Miller,50.0,False
Phillip Noyce,176.0,False
Darren Aronofsky,0.0,False
Steven Spielberg,14000.0,False
Alfonso Cuarón,0.0,False
Baz Luhrmann,1000.0,False
M. Night Shyamalan,0.0,False
Eric Leighton,0.0,False
Shawn Levy,189.0,False
Tom McGrath,96.0,False
Chris Columbus,0.0,False
Robert Schwentke,124.0,False
Gore Verbinski,563.0,False
Francis Lawrence,508.0,False
Ron Howard,2000.0,False
Carlos Saldanha,107.0,False
Bryan Singer,0.0,False
Justin Lin,681.0,False
Guy Ritchie,0.0,False
Louis Leterrier,255.0,False
Paul Verhoeven,719.0,False
John McTiernan,323.0,False
Tony Gilroy,209.0,False
Joel Schumacher,541.0,False
Ron Howard,2000.0,False
Roland Emmerich,776.0,False
John Woo,610.0,False
Wolfgang Petersen,249.0,False
Tim Story,167.0,False
Ang Lee,0.0,False
Mark Steven Johnson,160.0,False
Paul Greengrass,521.0,False
McG,368.0,False
Ridley Scott,0.0,False
Rob Minkoff,50.0,False
Neill Blomkamp,662.0,False
David Twohy,123.0,False
José Padilha,294.0,False
Lana Wachowski,0.0,False
James L. Brooks,274.0,False
James Mangold,446.0,False
Joseph Kosinski,364.0,False
George Lucas,0.0,False
George Lucas,0.0,False
Pete Docter,0.0,False
James Mangold,446.0,False
George Lucas,0.0,False
Kirk De Micco,16.0,False
John Woo,610.0,False
Cedric Nicolas-Troyan,19.0,False
Jonathan Liebesman,473.0,False
Alfonso Cuarón,0.0,False
Roger Donaldson,79.0,False
Josh Trank,128.0,False
Shawn Levy,189.0,False
Brad Peyton,62.0,False
Roger Spottiswoode,55.0,False
Roland Emmerich,776.0,False
Steven Soderbergh,0.0,False
Doug Liman,218.0,False
Robert Schwentke,124.0,False
Martin Scorsese,17000.0,False
Rob Letterman,11.0,False
Michel Gondry,1000.0,False
Noam Murro,263.0,False
Raja Gosnell,67.0,False
Will Finn,6.0,False
Robert Schwentke,124.0,False
Shawn Levy,189.0,False
Raja Gosnell,67.0,False
Jan de Bont,101.0,False
Gavin Hood,151.0,False
Len Wiseman,235.0,False
Peter Jackson,0.0,False
Frank Coraci,153.0,False
Michael Mann,0.0,False
Bo Welch,34.0,False
Alex Proyas,295.0,False
Ridley Scott,0.0,False
Rob Minkoff,50.0,False
Ron Clements,63.0,False
Ridley Scott,0.0,False
Michael Bay,0.0,False
Peter Chelsom,23.0,False
Dominic Sena,57.0,False
Ridley Scott,0.0,False
Steven Spielberg,14000.0,False
Chris Columbus,0.0,False
Martin Campbell,258.0,False
Tim Burton,13000.0,False
James Cameron,0.0,False
Michael Mann,0.0,False
Ridley Scott,0.0,False
James Cameron,0.0,False
Tony Scott,12000.0,False
Paul Weitz,80.0,False
Adam McKay,285.0,False
Chuck Russell,55.0,False
Quentin Tarantino,16000.0,False
Gary Trousdale,21.0,False
Mark Dindal,10.0,False
Simon West,165.0,False
Jon Turteltaub,226.0,False
Stefen Fangmeier,14.0,False
Spike Jonze,0.0,False
Joe Wright,456.0,False
Chris Wedge,77.0,False
Florian Henckel von Donnersmarck,207.0,False
Peter Hyams,0.0,False
Edward Zwick,380.0,False
Martin Scorsese,17000.0,False
Joel Schumacher,541.0,False
Paul Verhoeven,719.0,False
Tom Tykwer,670.0,False
Zack Snyder,0.0,False
Pitof,26.0,False
Brett Ratner,420.0,False
Ron Clements,63.0,False
Brad Silberling,52.0,False
Patrick Hughes,385.0,False
Ericson Core,19.0,False
Lawrence Guterman,6.0,False
Ron Howard,2000.0,False
Ron Underwood,31.0,False
Paul Greengrass,521.0,False
Steve Martino,20.0,False
David Mamet,342.0,False
Stephen Sommers,208.0,False
Martin Scorsese,17000.0,False
Ash Brannon,9.0,False
Frank Oz,0.0,False
Ridley Scott,0.0,False
Jay Roach,116.0,False
Luc Besson,0.0,False
Michael Patrick King,127.0,False
Bibo Bergeron,10.0,False
Steve Martino,20.0,False
Kenneth Branagh,0.0,False
Peter Jackson,0.0,False
Andrew Stanton,475.0,False
Peter Jackson,0.0,False
Peter Jackson,0.0,False
Sergey Bodrov,44.0,False
Simon West,165.0,False
Wally Pfister,0.0,False
Joe Johnston,394.0,False
Rupert Wyatt,81.0,False
Mark Waters,70.0,False
John Moore,212.0,False
John Lee Hancock,102.0,False
Brad Bird,663.0,False
Renny Harlin,212.0,False
Chris Columbus,0.0,False
Barry Sonnenfeld,188.0,False
John Lasseter,487.0,False
Tony Scott,12000.0,False
Brett Ratner,420.0,False
Robert Zemeckis,0.0,False
Phil Lord,97.0,False
Carlos Saldanha,107.0,False
Ben Stiller,0.0,False
McG,368.0,False
Martin Scorsese,17000.0,False
Tony Bancroft,7.0,False
Ben Stiller,0.0,False
David Fincher,21000.0,False
John McTiernan,323.0,False
Guy Ritchie,0.0,False
Gary Trousdale,21.0,False
Walt Becker,12.0,False
Bryan Singer,0.0,False
Dennis Dugan,221.0,False
Chris Columbus,0.0,False
Steven Spielberg,14000.0,False
Rob Minkoff,50.0,False
Robert Zemeckis,0.0,False
Paul Verhoeven,719.0,False
Thor Freudenthal,87.0,False
Jan de Bont,101.0,False
Jon M. Chu,209.0,False
Phillip Noyce,176.0,False
Tony Scott,12000.0,False
Brian De Palma,0.0,False
Carlos Saldanha,107.0,False
Chris Columbus,0.0,False
Mick Jackson,81.0,False
Alan J. Pakula,79.0,False
Kathryn Bigelow,0.0,False
Josh Trank,128.0,False
John Milius,468.0,False
Ron Howard,2000.0,False
Andrey Konchalovskiy,96.0,False
Gary Ross,378.0,False
Jan de Bont,101.0,False
Rob Cohen,357.0,False
Robert Zemeckis,0.0,False
George Miller,750.0,False
Paul Greengrass,521.0,False
Wolfgang Petersen,249.0,False
Steven Soderbergh,0.0,False
Paul W.S. Anderson,545.0,False
Genndy Tartakovsky,266.0,False
Kevin Lima,36.0,False
Daniel Espinosa,79.0,False
Kevin Lima,36.0,False
Brett Ratner,420.0,False
Nancy Meyers,278.0,False
Tony Scott,12000.0,False
Nancy Meyers,278.0,False
Steven Soderbergh,0.0,False
Roger Allers,28.0,False
Neil Burger,168.0,False
Jean-Jacques Annaud,218.0,False
Peter Berg,532.0,False
John McTiernan,323.0,False
Rob Marshall,252.0,False
Justin Lin,681.0,False
Sarah Smith,6.0,False
Martin Brest,102.0,False
Andrew Davis,99.0,False
Tarsem Singh,763.0,False
Edgar Wright,1000.0,False
Jon Amiel,36.0,False
Peter Segal,88.0,False
Raja Gosnell,67.0,False
Pete Travis,38.0,False
Frank Coraci,153.0,False
Brad Peyton,62.0,False
Doug Liman,218.0,False
Guillermo del Toro,0.0,False
David Fincher,21000.0,False
Roger Spottiswoode,55.0,False
Tom Shadyac,293.0,False
Sylvester Stallone,13000.0,False
Brian De Palma,0.0,False
Gary Ross,378.0,False
Todd Phillips,480.0,False
Tim Burton,13000.0,False
Tim Johnson,12.0,False
Dean DeBlois,255.0,False
Mimi Leder,75.0,False
Dean Parisot,23.0,False
Peter Segal,88.0,False
Mike Mitchell,31.0,False
Dennis Dugan,221.0,False
Peter Segal,88.0,False
Nancy Meyers,278.0,False
Martin Scorsese,17000.0,False
Seth Gordon,91.0,False
Chris Wedge,77.0,False
John Woo,610.0,False
Adam Shankman,163.0,False
Sam Mendes,0.0,False
Dennis Dugan,221.0,False
Simon West,165.0,False
D.J. Caruso,154.0,False
Anthony Minghella,333.0,False
Albert Hughes,117.0,False
Les Mayfield,10.0,False
Jan de Bont,101.0,False
Joe Pytka,30.0,False
Shawn Levy,189.0,False
Scott Derrickson,301.0,False
Richard Donner,503.0,False
David Ayer,452.0,False
Ivan Reitman,425.0,False
Eric Brevig,40.0,False
Kelly Asbury,21.0,False
Frank Coraci,153.0,False
Stephen Hopkins,81.0,False
Jonathan Demme,438.0,False
Genndy Tartakovsky,266.0,False
James Algar,11.0,False
Simon Wells,25.0,False
Ron Underwood,31.0,False
Dominic Sena,57.0,False
Vincent Ward,25.0,False
Steven Brill,65.0,False
Terry Gilliam,0.0,False
Tim Burton,13000.0,False
Jonathan Mostow,84.0,False
Roger Donaldson,79.0,False
Rob Cohen,357.0,False
Barry Cook,43.0,False
Roger Christian,64.0,False
Joe Dante,287.0,False
Rob Marshall,252.0,False
Richard Donner,503.0,False
Kevin Costner,0.0,False
George Miller,750.0,False
Breck Eisner,42.0,False
Antony Hoffman,14.0,False
Luc Besson,0.0,False
Peter Hyams,0.0,False
Paul W.S. Anderson,545.0,False
Ron Howard,2000.0,False
Roger Allers,28.0,False
Brad Peyton,62.0,False
Cody Cameron,18.0,False
Brett Ratner,420.0,False
Joe Johnston,394.0,False
Dennis Dugan,221.0,False
John Singleton,309.0,False
Mark Osborne,54.0,False
Oliver Hirschbiegel,101.0,False
Des McAnuff,5.0,False
Yarrow Cheney,11.0,False
Stephen Norrington,45.0,False
Pierre Coffin,275.0,False
Roland Emmerich,776.0,False
Steven Spielberg,14000.0,False
Eric Darnell,35.0,False
Alfonso Cuarón,0.0,False
Bryan Singer,0.0,False
Timur Bekmambetov,335.0,False
Michael Bay,0.0,False
Carlos Saldanha,107.0,False
Peter Segal,88.0,False
Adam Shankman,163.0,False
Renny Harlin,212.0,False
David Kellogg,16.0,False
Louis Leterrier,255.0,False
Dennis Dugan,221.0,False
Steven Spielberg,14000.0,False
Thor Freudenthal,87.0,False
Martin Campbell,258.0,False
Mike Nichols,0.0,False
Bibo Bergeron,10.0,False
Bill Condon,386.0,False
F. Gary Gray,473.0,False
Steven Spielberg,14000.0,False
Antoine Fuqua,845.0,False
Robert Luketic,126.0,False
Guy Ritchie,0.0,False
James L. Brooks,274.0,False
Gil Kenan,27.0,False
Barry Levinson,272.0,False
Jerry Zucker,109.0,False
Andy Tennant,72.0,False
Tarsem Singh,763.0,False
Florent-Emilio Siri,17.0,False
Don Bluth,383.0,False
Ron Shelton,41.0,False
Paul W.S. Anderson,545.0,False
Henry Selick,253.0,False
John Moore,212.0,False
M. Night Shyamalan,0.0,False
Kyle Balda,22.0,False
Zack Snyder,0.0,False
Brian De Palma,0.0,False
Barry Levinson,272.0,False
Clay Kaytis,6.0,False
Andy Tennant,72.0,False
Judd Apatow,0.0,False
Peter Berg,532.0,False
Adam McKay,285.0,False
Steve Carr,41.0,False
Mel Gibson,0.0,False
Sam Mendes,0.0,False
David Silverman,30.0,False
Frank Darabont,0.0,False
Renny Harlin,212.0,False
Jean-Jacques Annaud,218.0,False
M. Night Shyamalan,0.0,False
Betty Thomas,84.0,False
M. Night Shyamalan,0.0,False
Andrew Adamson,80.0,False
John Lasseter,487.0,False
Garry Marshall,0.0,False
Rob Cohen,357.0,False
Paul Tibbitt,5.0,False
Ron Howard,2000.0,False
Quentin Tarantino,16000.0,False
Steven Spielberg,14000.0,False
Brett Ratner,420.0,False
Renny Harlin,212.0,False
Clark Johnson,69.0,False
Cameron Crowe,488.0,False
M. Night Shyamalan,0.0,False
Paul W.S. Anderson,545.0,False
Betty Thomas,84.0,False
Randall Wallace,130.0,False
Antoine Fuqua,845.0,False
Jonathan Frakes,906.0,False
Jonathan Liebesman,473.0,False
Tim Burton,13000.0,False
Mike Nichols,0.0,False
Steven Spielberg,14000.0,False
George Clooney,0.0,False
James Cameron,0.0,False
Oliver Stone,0.0,False
Gary Shore,28.0,False
Edward Zwick,380.0,False
Matthew Vaughn,905.0,False
Jean-Jacques Annaud,218.0,False
Ron Howard,2000.0,False
Joel Schumacher,541.0,False
Andrzej Bartkowiak,43.0,False
Betty Thomas,84.0,False
Måns Mårlind,24.0,False
Adam Shankman,163.0,False
Gregory Hoblit,40.0,False
Gary McKendry,5.0,False
John McTiernan,323.0,False
Wych Kaosayananda,8.0,False
Mikael Salomon,13.0,False
Bobby Farrelly,101.0,False
Michael Mann,0.0,False
Kerry Conran,14.0,False
Michael Caton-Jones,105.0,False
Mikael Håfström,101.0,False
Renny Harlin,212.0,False
Phil Alden Robinson,31.0,False
David Slade,171.0,False
Frank Oz,0.0,False
Pierre Coffin,275.0,False
Joseph Ruben,29.0,False
Seth MacFarlane,3000.0,False
Alejandro Amenábar,448.0,False
Kinka Usher,18.0,False
Bobby Farrelly,101.0,False
Michael Mann,0.0,False
Ridley Scott,0.0,False
Timur Bekmambetov,335.0,False
Jon Amiel,36.0,False
Rob Bowman,38.0,False
Doug Lefler,4.0,False
Steven Spielberg,14000.0,False
Scott Waugh,76.0,False
Nancy Meyers,278.0,False
Chris Wedge,77.0,False
Lawrence Kasdan,759.0,False
Steven Spielberg,14000.0,False
Lana Wachowski,0.0,False
Ron Howard,2000.0,False
Paul Verhoeven,719.0,False
Michael Lembeck,54.0,False
Tom Hooper,0.0,False
Nora Ephron,0.0,False
Adam McKay,285.0,False
Martin Campbell,258.0,False
Todd Phillips,480.0,False
Angelina Jolie Pitt,11000.0,False
Clint Eastwood,16000.0,False
Renny Harlin,212.0,False
John Woo,610.0,False
Jon Turteltaub,226.0,False
Oliver Stone,0.0,False
Mike Newell,179.0,False
Larry Charles,119.0,False
Stanley Kubrick,0.0,False
Will Gluck,87.0,False
Glenn Ficarra,43.0,False
McG,368.0,False
David S. Goyer,687.0,False
Mike Nichols,0.0,False
Paul W.S. Anderson,545.0,False
Paul W.S. Anderson,545.0,False
Renny Harlin,212.0,False
Taylor Hackford,138.0,False
Jon Favreau,4000.0,False
David Fincher,21000.0,False
McG,368.0,False
Michael Lehmann,36.0,False
Nora Ephron,0.0,False
Stuart Beattie,72.0,False
Roman Polanski,2000.0,False
Rob Bowman,38.0,False
Frank Miller,436.0,False
Sydney Pollack,521.0,False
Baltasar Kormákur,175.0,False
Tom Tykwer,670.0,False
Jay Roach,116.0,False
David Bowers,42.0,False
Steven Spielberg,14000.0,False
Lawrence Kasdan,759.0,False
Phillip Noyce,176.0,False
Keenen Ivory Wayans,322.0,False
Jonathan Mostow,84.0,False
Rob Reiner,0.0,False
Marco Schnabel,12.0,False
Demian Lichtenstein,11.0,False
Quentin Tarantino,16000.0,False
Josh Gordon,8.0,False
Tim Hill,25.0,False
Zack Snyder,0.0,False
Jay Roach,116.0,False
David Frankel,64.0,False
Frank Darabont,0.0,False
Mark Dindal,10.0,False
David Fincher,21000.0,False
Doug Liman,218.0,False
Martin Campbell,258.0,False
Simon West,165.0,False
Peter Weir,608.0,False
Brenda Chapman,59.0,False
Steve Carr,41.0,False
Baltasar Kormákur,175.0,False
Lawrence Guterman,6.0,False
F. Gary Gray,473.0,False
Marc Lawrence,30.0,False
Eric Darnell,35.0,False
Peter Billingsley,0.0,False
Tony Scott,12000.0,False
Adam Shankman,163.0,False
Wes Ball,47.0,False
Ryan Murphy,708.0,False
Brett Ratner,420.0,False
Robert Schwentke,124.0,False
Oliver Stone,0.0,False
Robert Redford,0.0,False
Michael Mann,0.0,False
Chuck Russell,55.0,False
Jay Russell,13.0,False
Christopher McQuarrie,188.0,False
Renny Harlin,212.0,False
Kenny Ortega,197.0,False
Steven Soderbergh,0.0,False
David McNally,18.0,False
Henry Selick,253.0,False
M. Night Shyamalan,0.0,False
Tony Scott,12000.0,False
Brian Robbins,48.0,False
Todd Phillips,480.0,False
Brian Levant,32.0,False
Guillermo del Toro,0.0,False
Steven Zaillian,234.0,False
Chris Butler,28.0,False
Michael Caton-Jones,105.0,False
John Woo,610.0,False
Jon Avnet,50.0,False
Sam Fell,18.0,False
Kevin Donovan,11.0,False
Geoff Murphy,14.0,False
Kenneth Branagh,0.0,False
David O. Russell,737.0,False
Babak Najafi,24.0,False
Jean-Pierre Jeunet,0.0,False
Antoine Fuqua,845.0,False
Graham Annable,7.0,False
Griffin Dunne,165.0,False
Phil Lord,97.0,False
John Pasquin,11.0,False
Rob Bowman,38.0,False
Ruben Fleischer,181.0,False
Harold Ramis,11000.0,False
Clint Eastwood,16000.0,False
Tony Gilroy,209.0,False
Donald Petrie,80.0,False
Clark Johnson,69.0,False
Jorge Blanco,2.0,False
Stuart Baird,53.0,False
Joel Coen,0.0,False
Martin Campbell,258.0,False
Peter Hyams,0.0,False
Harold Ramis,11000.0,False
Jon Avnet,50.0,False
Harold Becker,17.0,False
Joe Wright,456.0,False
Robert Redford,0.0,False
Cameron Crowe,488.0,False
Lee Tamahori,93.0,False
Scott Stewart,124.0,False
Patrick Gilmore,0.0,False
Paul W.S. Anderson,545.0,False
Joss Whedon,0.0,False
Tom Shadyac,293.0,False
Brian De Palma,0.0,False
Tony Bill,23.0,False
Rod Lurie,37.0,False
Walter Hill,394.0,False
Akiva Goldsman,167.0,False
Harald Zwart,91.0,False
Brian Robbins,48.0,False
Walter Salles,179.0,False
Ron Howard,2000.0,False
Iain Softley,34.0,False
Frank Miller,436.0,False
David Koepp,192.0,False
Uwe Boll,892.0,False
Martin Campbell,258.0,False
Tim Miller,84.0,False
Stephen Herek,65.0,False
Clint Eastwood,16000.0,False
Rob Letterman,11.0,False
Mark Waters,70.0,False
Brian Levant,32.0,False
Peter MacDonald,10.0,False
George Clooney,0.0,False
Marc Lawrence,30.0,False
Shawn Levy,189.0,False
Paul W.S. Anderson,545.0,False
Anthony Hemingway,143.0,False
Taylor Hackford,138.0,False
Sean Anders,51.0,False
Rob Cohen,357.0,False
Brett Ratner,420.0,False
Mark Neveldine,83.0,False
John Madden,108.0,False
Adam Shankman,163.0,False
Kevin Bray,10.0,False
Robert Zemeckis,0.0,False
Tim Hill,25.0,False
Jay Roach,116.0,False
Mike Gabriel,12.0,False
Richard Donner,503.0,False
Tom Shadyac,293.0,False
Andy Tennant,72.0,False
Sam Weisman,39.0,False
Jesse Dylan,58.0,False
Paul Greengrass,521.0,False
Shawn Levy,189.0,False
Brad Silberling,52.0,False
Antoine Fuqua,845.0,False
Wayne Wang,61.0,False
Tony Scott,12000.0,False
Gabriele Muccino,125.0,False
Robert Schwentke,124.0,False
Barry Levinson,272.0,False
Brad Silberling,52.0,False
Quentin Tarantino,16000.0,False
Frank Oz,0.0,False
Quentin Tarantino,16000.0,False
Andrey Konchalovskiy,96.0,False
Robert Zemeckis,0.0,False
Tom Dey,9.0,False
Stuart Baird,53.0,False
Mark Waters,70.0,False
Rob Minkoff,50.0,False
Jimmy Hayward,39.0,False
David Fincher,21000.0,False
Alan Parker,317.0,False
John Frankenheimer,287.0,False
Stephen Hopkins,81.0,False
Paul King,17.0,False
Akiva Schaffer,82.0,False
William Friedkin,607.0,False
Jon Turteltaub,226.0,False
Bobby Farrelly,101.0,False
Kent Alterman,3.0,False
Peter Lord,91.0,False
Clint Eastwood,16000.0,False
Andrew Davis,99.0,False
Tony Scott,12000.0,False
Joel Schumacher,541.0,False
Shekhar Kapur,159.0,False
Karyn Kusama,45.0,False
Ron Maxwell,33.0,False
Robert Butler,0.0,False
Karey Kirkpatrick,11.0,False
James Bobin,33.0,False
Jonathan Frakes,906.0,False
Steve Antin,59.0,False
Guillermo del Toro,0.0,False
Gabriele Muccino,125.0,False
Walter Hill,394.0,False
Francis Ford Coppola,0.0,False
Cameron Crowe,488.0,False
Anthony Russo,94.0,False
Richard Lester,44.0,False
Martin Brest,102.0,False
Steven Zaillian,234.0,False
John Singleton,309.0,False
Don Bluth,383.0,False
Baz Luhrmann,1000.0,False
Harold Becker,17.0,False
Scott Cooper,108.0,False
Clint Eastwood,16000.0,False
F. Gary Gray,473.0,False
Robert Rodriguez,0.0,False
Jonathan Demme,438.0,False
Curtis Hanson,161.0,False
Steven Spielberg,14000.0,False
Kathryn Bigelow,0.0,False
Peyton Reed,235.0,False
Phyllida Lloyd,58.0,False
Garry Marshall,0.0,False
Jay Chandrasekhar,422.0,False
Terrence Malick,0.0,False
David Dobkin,71.0,False
Milos Forman,869.0,False
Martin Scorsese,17000.0,False
Pierre Morel,180.0,False
Paul Hunter,13.0,False
Bobby Farrelly,101.0,False
Steve Oedekerk,176.0,False
Chris Weitz,129.0,False
Andrew Adamson,80.0,False
George Nolfi,53.0,False
Kevin Reynolds,58.0,False
Cameron Crowe,488.0,False
Seth MacFarlane,3000.0,False
James L. Brooks,274.0,False
Tom Shadyac,293.0,False
Adam McKay,285.0,False
Steven Brill,65.0,False
J.J. Abrams,14000.0,False
Steven Soderbergh,0.0,False
Donald Petrie,80.0,False
Phil Lord,97.0,False
Neil Jordan,277.0,False
Peyton Reed,235.0,False
Rawson Marshall Thurber,43.0,False
Chris Columbus,0.0,False
Sean Anders,51.0,False
Rob Marshall,252.0,False
Spike Lee,0.0,False
Brian Helgeland,241.0,False
Frank Marshall,155.0,False
Alex Proyas,295.0,False
Tom Dey,9.0,False
Glenn Ficarra,43.0,False
Peter Hewitt,12.0,False
Joe Roth,148.0,False
Bennett Miller,152.0,False
Wolfgang Petersen,249.0,False
Jaume Collet-Serra,174.0,False
Andy Fickman,99.0,False
James McTeigue,160.0,False
David Dobkin,71.0,False
Matthew O'Callaghan,5.0,False
Angela Robinson,23.0,False
Gary Fleder,39.0,False
Tommy Wirkola,75.0,False
Adrian Lyne,213.0,False
D.J. Caruso,154.0,False
Stephen Gaghan,79.0,False
Michael Bay,0.0,False
Jorge R. Gutiérrez,34.0,False
Richard Loncraine,12.0,False
Clint Eastwood,16000.0,False
Ridley Scott,0.0,False
David Fincher,21000.0,False
Christophe Gans,50.0,False
Howard Deutch,41.0,False
Jon Hurwitz,22.0,False
F. Gary Gray,473.0,False
Steven Quale,77.0,False
John Landis,644.0,False
Joe Dante,287.0,False
David Dobkin,71.0,False
Mimi Leder,75.0,False
Alexander Witt,38.0,False
Beeban Kidron,17.0,False
Carl Franklin,73.0,False
Steven Seagal,0.0,False
Robert Rodriguez,0.0,False
Danny Boyle,0.0,False
Garry Marshall,0.0,False
James McTeigue,160.0,False
Sam Raimi,0.0,False
Andrew Bergman,31.0,False
Tom Dey,9.0,False
Clint Eastwood,16000.0,False
Barbet Schroeder,58.0,False
Richard Donner,503.0,False
Peter Webber,73.0,False
Rob Reiner,0.0,False
Andrew Niccol,487.0,False
John McTiernan,323.0,False
Clint Eastwood,16000.0,False
Tom Tykwer,670.0,False
John Carpenter,0.0,False
Brad Bird,663.0,False
Wes Anderson,0.0,False
Gary Ross,378.0,False
Alan Parker,317.0,False
Stephen Herek,65.0,False
Jaume Collet-Serra,174.0,False
David Cronenberg,0.0,False
John Stockwell,134.0,False
Luc Besson,0.0,False
David Gordon Green,234.0,False
Jim Sheridan,260.0,False
Costa-Gavras,333.0,False
Patrick Read Johnson,32.0,False
Roland Joffé,596.0,False
Doug Liman,218.0,False
Tony Scott,12000.0,False
William Friedkin,607.0,False
Mark Neveldine,83.0,False
Richard LaGravenese,98.0,False
Danny DeVito,0.0,False
Ben Stiller,0.0,False
George Armitage,5.0,False
Mike Nichols,0.0,False
Patrick Lussier,71.0,False
Andrzej Bartkowiak,43.0,False
James Wong,70.0,False
Renny Harlin,212.0,False
Steven Soderbergh,0.0,False
Steven Spielberg,14000.0,False
Neill Blomkamp,662.0,False
Phillip Noyce,176.0,False
David Fincher,21000.0,False
David O. Russell,737.0,False
Daniel Espinosa,79.0,False
Jerry Zucker,109.0,False
Iain Softley,34.0,False
James Mangold,446.0,False
Harold Ramis,11000.0,False
Francis Ford Coppola,0.0,False
James Mangold,446.0,False
Olivier Megaton,118.0,False
Steven Soderbergh,0.0,False
Ben Stiller,0.0,False
Warren Beatty,631.0,False
John McTiernan,323.0,False
Penny Marshall,545.0,False
Paul Bolger,0.0,False
Stephen Frears,350.0,False
P.J. Hogan,29.0,False
Joe Roth,148.0,False
Christopher Nolan,22000.0,False
Jonathan Frakes,906.0,False
Jimmy Hayward,39.0,False
Edward Zwick,380.0,False
Tom Shadyac,293.0,False
Brian Levant,32.0,False
Olivier Megaton,118.0,False
David Zucker,119.0,False
Donald Petrie,80.0,False
Eric Brevig,40.0,False
Garry Marshall,0.0,False
Alan J. Pakula,79.0,False
Joel Schumacher,541.0,False
Rob Reiner,0.0,False
Phillip Noyce,176.0,False
Robert Luketic,126.0,False
Denis Villeneuve,777.0,False
Antoine Fuqua,845.0,False
Dean Parisot,23.0,False
Keenen Ivory Wayans,322.0,False
James Bobin,33.0,False
Stephen Norrington,45.0,False
Thomas Carter,49.0,False
Roger Michell,50.0,False
Luis Llosa,49.0,False
David McNally,18.0,False
Richard Curtis,628.0,False
John Lasseter,487.0,False
Albert Hughes,117.0,False
Luis Llosa,49.0,False
Ron Shelton,41.0,False
Jesse Dylan,58.0,False
Garth Jennings,37.0,False
Joel Zwick,38.0,False
Russell Mulcahy,85.0,False
Frank Coraci,153.0,False
Wayne Wang,61.0,False
Curtis Hanson,161.0,False
Frank Oz,0.0,False
Oliver Stone,0.0,False
David R. Ellis,160.0,False
Peter Howitt,29.0,False
John A. Davis,8.0,False
David Lynch,0.0,False
Julie Taymor,278.0,False
Sam Mendes,0.0,False
Richard Donner,503.0,False
Mathieu Kassovitz,326.0,False
John Gray,29.0,False
Harold Ramis,11000.0,False
John Schultz,13.0,False
Sean Penn,0.0,False
Susan Stroman,38.0,False
Pete Travis,38.0,False
Simon Wincer,23.0,False
Billy Bob Thornton,0.0,False
Oliver Stone,0.0,False
Roman Polanski,2000.0,False
Stephen Sommers,208.0,False
Spike Lee,0.0,False
Danny Pang,15.0,False
Barry Sonnenfeld,188.0,False
Mike Newell,179.0,False
George P. Cosmatos,170.0,False
Oliver Parker,32.0,False
Ben Affleck,0.0,False
Andrew Davis,99.0,False
Andy Tennant,72.0,False
Barry Levinson,272.0,False
George P. Cosmatos,170.0,False
Brian Gibson,13.0,False
Norman Ferguson,3.0,False
Michael Cimino,517.0,False
Len Wiseman,235.0,False
Paul McGuigan,118.0,False
Gus Van Sant,835.0,False
Betty Thomas,84.0,False
Louis Leterrier,255.0,False
Roger Kumble,16.0,False
Sydney Pollack,521.0,False
Burr Steers,23.0,False
Simon West,165.0,False
Phil Lord,97.0,False
Roger Michell,50.0,False
Peter Lord,91.0,False
John Hamburg,29.0,False
Reginald Hudlin,71.0,False
Paul Feig,176.0,False
Joseph L. Mankiewicz,311.0,False
Frank Coraci,153.0,False
Carl Franklin,73.0,False
Barbra Streisand,0.0,False
Mark Pellington,89.0,False
Larry Charles,119.0,False
John Glen,46.0,False
Catherine Hardwicke,308.0,False
John Herzfeld,17.0,False
Annabel Jankel,5.0,False
Andrew Niccol,487.0,False
Julie Anne Robinson,30.0,False
Evan Goldberg,133.0,False
Sngmoo Lee,19.0,False
Curtis Hanson,161.0,False
Brian Helgeland,241.0,False
Gordon Chan,4.0,False
M. Night Shyamalan,0.0,False
Asger Leth,20.0,False
David Frankel,64.0,False
John G. Avildsen,80.0,False
David O. Russell,737.0,False
Anne Fletcher,98.0,False
Bruce Beresford,78.0,False
Robert Zemeckis,0.0,False
Luc Besson,0.0,False
Sam Taylor-Johnson,456.0,False
Robert Rodriguez,0.0,False
Joel Schumacher,541.0,False
Shawn Levy,189.0,False
Peter Berg,532.0,False
Penny Marshall,545.0,False
James Wan,0.0,False
David Fincher,21000.0,False
Ken Kwapis,42.0,False
David Zucker,119.0,False
Wes Craven,0.0,False
Robert Zemeckis,0.0,False
Etan Cohen,164.0,False
Francis Ford Coppola,0.0,False
Nora Ephron,0.0,False
Brian Helgeland,241.0,False
Anthony Minghella,333.0,False
Bobby Farrelly,101.0,False
Frank Marshall,155.0,False
Nancy Meyers,278.0,False
Tim Story,167.0,False
Michael Mann,0.0,False
Taylor Hackford,138.0,False
Frank Miller,436.0,False
Pete Travis,38.0,False
John Hamburg,29.0,False
Bobby Farrelly,101.0,False
Oliver Stone,0.0,False
John Whitesell,14.0,False
Gore Verbinski,563.0,False
Angelina Jolie Pitt,11000.0,False
Burr Steers,23.0,False
Nick Cassavetes,415.0,False
David R. Ellis,160.0,False
Steven Spielberg,14000.0,False
John Moore,212.0,False
Peter Chelsom,23.0,False
Joe Dante,287.0,False
Mark A.Z. Dippé,20.0,False
Kevin Reynolds,58.0,False
Brad Furman,65.0,False
Jaume Collet-Serra,174.0,False
Christopher Nolan,22000.0,False
Sean Anders,51.0,False
Cal Brunker,7.0,False
John Glen,46.0,False
Nimród Antal,190.0,False
Ivan Reitman,425.0,False
David Koepp,192.0,False
Alejandro Agresti,18.0,False
Iain Softley,34.0,False
Peter Hedges,54.0,False
Paul Weiland,10.0,False
Clint Eastwood,16000.0,False
Francis Ford Coppola,0.0,False
Mathieu Kassovitz,326.0,False
Steven Spielberg,14000.0,False
John McTiernan,323.0,False
Colin Strause,25.0,False
Donald Petrie,80.0,False
Joan Chen,643.0,False
Greg Mottola,99.0,False
Anne Fletcher,98.0,False
Wes Craven,0.0,False
Joel Schumacher,541.0,False
Oliver Stone,0.0,False
Jake Kasdan,52.0,False
Diane Keaton,0.0,False
Steven Quale,77.0,False
Kelly Makin,6.0,False
Mimi Leder,75.0,False
Bobby Farrelly,101.0,False
Steven Brill,65.0,False
Seth MacFarlane,3000.0,False
Russell Mulcahy,85.0,False
Stephen Daldry,335.0,False
Roger Michell,50.0,False
Jim Sheridan,260.0,False
Christian Duguay,18.0,False
Chris Columbus,0.0,False
Chuck Russell,55.0,False
Sam Weisman,39.0,False
John Frankenheimer,287.0,False
Peter Hyams,0.0,False
Justin Chadwick,56.0,False
Pat O'Connor,7.0,False
Stephen Hopkins,81.0,False
Martin Scorsese,17000.0,False
Penny Marshall,545.0,False
Olivier Megaton,118.0,False
Frederik Du Chau,7.0,False
Michael Caton-Jones,105.0,False
Irwin Winkler,34.0,False
Joseph Kahn,33.0,False
Harold Becker,17.0,False
Paul Verhoeven,719.0,False
Sofia Coppola,0.0,False
Barbet Schroeder,58.0,False
Stephen Kay,19.0,False
J.A. Bayona,171.0,False
Elaine May,124.0,False
Wes Anderson,0.0,False
Stephen Herek,65.0,False
John Carpenter,0.0,False
Dennie Gordon,29.0,False
Charles Shyer,14.0,False
Ken Kwapis,42.0,False
Ulu Grosbard,22.0,False
William Malone,37.0,False
Paul Weitz,80.0,False
Paul McGuigan,118.0,False
Danny DeVito,0.0,False
Jerry Jameson,5.0,False
Mic Rodgers,7.0,False
Christian Alvart,22.0,False
Gary Fleder,39.0,False
Christian Duguay,18.0,False
Jean-Marie Poiré,8.0,False
Danny Boyle,0.0,False
Brian Robbins,48.0,False
Marc F. Adler,0.0,False
Pierre Morel,180.0,False
Geoffrey Sax,13.0,False
D.J. Caruso,154.0,False
Iain Softley,34.0,False
Richard Shepard,47.0,False
Joel Coen,0.0,False
Joon-ho Bong,584.0,False
Alex Proyas,295.0,False
Robert Schwentke,124.0,False
Rob Cohen,357.0,False
Tim Burton,13000.0,False
Joss Whedon,0.0,False
Charles S. Dutton,534.0,False
Richard Lester,44.0,False
Peter Segal,88.0,False
Andy Tennant,72.0,False
Robert Luketic,126.0,False
Jonathan Lynn,36.0,False
Robert Rodriguez,0.0,False
David Carson,18.0,False
Francis Lawrence,508.0,False
Norman Jewison,278.0,False
Michael Apted,150.0,False
David Mirkin,7.0,False
Andy Fickman,99.0,False
Luis Mandoki,43.0,False
John Pasquin,11.0,False
Roman Polanski,2000.0,False
Michael Apted,150.0,False
Stephen Herek,65.0,False
Lee Daniels,304.0,False
Ridley Scott,0.0,False
John Carpenter,0.0,False
David Twohy,123.0,False
Jeb Stuart,11.0,False
Steve Miner,49.0,False
Gil Kenan,27.0,False
Paul Thomas Anderson,0.0,False
Gary Fleder,39.0,False
J Blakeson,5.0,False
Ryan Coogler,0.0,False
Ben Affleck,0.0,False
Kirk Jones,52.0,False
Ethan Coen,1000.0,False
Jennifer Flackett,3.0,False
Ron Howard,2000.0,False
Paul Thomas Anderson,0.0,False
Kevin Smith,0.0,False
Christian Ditter,11.0,False
Charles Martin Smith,188.0,False
Catherine Hardwicke,308.0,False
Nick Cassavetes,415.0,False
Les Mayfield,10.0,False
Rawson Marshall Thurber,43.0,False
Jonathan Mostow,84.0,False
Irvin Kershner,883.0,False
Steve Pink,38.0,False
Charles Martin Smith,188.0,False
John Frankenheimer,287.0,False
F. Gary Gray,473.0,False
Cameron Crowe,488.0,False
Rob Reiner,0.0,False
Scott Hicks,96.0,False
Mikael Håfström,101.0,False
Andrew Niccol,487.0,False
Andrew Bergman,31.0,False
Kirk De Micco,16.0,False
Chris Rock,0.0,False
Todd Phillips,480.0,False
Jay Roach,116.0,False
Tim Burton,13000.0,False
Roland Joffé,596.0,False
Richard Donner,503.0,False
John Lee Hancock,102.0,False
Robert Rodriguez,0.0,False
Seth Gordon,91.0,False
Ethan Coen,1000.0,False
David Frankel,64.0,False
Robert Wise,338.0,False
Seth Gordon,91.0,False
Martin Scorsese,17000.0,False
Robert Luketic,126.0,False
Judd Apatow,0.0,False
Kevin Rodney Sullivan,8.0,False
Anthony Minghella,333.0,False
Curtis Hanson,161.0,False
Mike Mitchell,31.0,False
Frank Oz,0.0,False
Roger Donaldson,79.0,False
Wes Craven,0.0,False
Tarsem Singh,763.0,False
Randall Wallace,130.0,False
Randall Wallace,130.0,False
Kevin Munroe,14.0,False
Michael Tollin,19.0,False
Will Gluck,87.0,False
Nicholas Stoller,89.0,False
John Lee Hancock,102.0,False
Spike Lee,0.0,False
Judd Apatow,0.0,False
Walt Becker,12.0,False
Patrick Tatopoulos,148.0,False
Ken Kwapis,42.0,False
Dennis Dugan,221.0,False
Gary David Goldberg,30.0,False
Mike Newell,179.0,False
Paul W.S. Anderson,545.0,False
Tobe Hooper,365.0,False
Ethan Coen,1000.0,False
John Moore,212.0,False
Andrew Niccol,487.0,False
Alan Poul,16.0,False
Luke Greenfield,42.0,False
Gil Junger,19.0,False
Steven E. de Souza,133.0,False
Roman Polanski,2000.0,False
Albert Hughes,117.0,False
Catherine Hardwicke,308.0,False
Jaume Collet-Serra,174.0,False
Mike Nichols,0.0,False
Clint Eastwood,16000.0,False
Alexandre Aja,192.0,False
Michael Rymer,48.0,False
Stephen Hopkins,81.0,False
Gregory Hoblit,40.0,False
Hugh Wilson,37.0,False
Kevin Smith,0.0,False
Rob Cohen,357.0,False
Clint Eastwood,16000.0,False
Susanna White,24.0,False
Danny DeVito,0.0,False
Chris Carter,251.0,False
Tommy O'Haver,13.0,False
Peter Landesman,15.0,False
John Singleton,309.0,False
Gary Chapman,2.0,False
Curtis Hanson,161.0,False
Craig Mazin,82.0,False
Allen Hughes,90.0,False
Wes Craven,0.0,False
David Koepp,192.0,False
Anne Fletcher,98.0,False
Shekhar Kapur,159.0,False
Taylor Hackford,138.0,False
Richard Loncraine,12.0,False
Roger Kumble,16.0,False
Robert Redford,0.0,False
John Milius,468.0,False
Jake Kasdan,52.0,False
Lasse Hallström,529.0,False
Les Mayfield,10.0,False
Jean-Marc Vallée,212.0,False
Dominic Sena,57.0,False
Terrence Malick,0.0,False
Hark Tsui,85.0,False
David Ayer,453.0,False
Brian Helgeland,241.0,False
Lexi Alexander,189.0,False
Peter Hewitt,12.0,False
Robert Zemeckis,0.0,False
Ronny Yu,31.0,False
Ridley Scott,0.0,False
Richard Donner,503.0,False
Taylor Hackford,138.0,False
Bille August,55.0,False
Brian De Palma,0.0,False
Ang Lee,0.0,False
Wes Ball,47.0,False
Ken Scott,31.0,False
Martin Scorsese,17000.0,False
Darren Aronofsky,0.0,False
Hugh Johnson,3.0,False
Simon West,165.0,False
George Tillman Jr.,88.0,False
Rand Ravich,7.0,False
Hugh Hudson,46.0,False
Gabriele Muccino,125.0,False
Justin Chadwick,56.0,False
Rob Reiner,0.0,False
Andrzej Bartkowiak,43.0,False
Raja Gosnell,67.0,False
Chris Gorak,21.0,False
Scott Speer,35.0,False
David R. Ellis,160.0,False
Joe Charbanic,10.0,False
Jonathan Hensleigh,36.0,False
Danny Cannon,41.0,False
Boaz Yakin,132.0,False
Mike Newell,179.0,False
Richard Marquand,37.0,False
Neil Marshall,197.0,False
Stephen Daldry,335.0,False
Jon Favreau,4000.0,False
Jon Turteltaub,226.0,False
Brian Levant,32.0,False
Richard Donner,503.0,False
Jared Hess,100.0,False
Paul Feig,176.0,False
Evan Goldberg,133.0,False
Rupert Wainwright,9.0,False
George Tillman Jr.,88.0,False
John Luessenhop,34.0,False
Justin Zackham,16.0,False
John Whitesell,14.0,False
Duncan Jones,0.0,False
Frank Marshall,155.0,False
Joel Schumacher,541.0,False
Jean-Pierre Jeunet,0.0,False
John Gatins,61.0,False
David Cronenberg,0.0,False
Louis Leterrier,255.0,False
Sam Raimi,0.0,False
Peter Howitt,29.0,False
Martin Scorsese,17000.0,False
Miguel Sapochnik,238.0,False
Hyung-rae Shim,26.0,False
Norman Jewison,278.0,False
Don Scardino,35.0,False
Mark Dindal,10.0,False
Tim Robbins,0.0,False
Steven Soderbergh,0.0,False
Francis Ford Coppola,0.0,False
Nanette Burstein,8.0,False
Stephen Herek,65.0,False
Ariel Vromen,34.0,False
Sydney Pollack,521.0,False
Robert Zemeckis,0.0,False
Lewis Gilbert,43.0,False
Wes Anderson,0.0,False
Scott Hicks,96.0,False
Frank Marshall,155.0,False
Gregory Hoblit,40.0,False
Paul Feig,176.0,False
John Francis Daley,0.0,False
Barry Sonnenfeld,188.0,False
Rob Marshall,252.0,False
Dennis Dugan,221.0,False
J.B. Rogers,6.0,False
John Lasseter,487.0,False
Jan de Bont,101.0,False
Michael Sucsy,23.0,False
Tom Vaughan,12.0,False
Boaz Yakin,132.0,False
John McTiernan,323.0,False
Lee Daniels,304.0,False
Rawson Marshall Thurber,43.0,False
Barry Sonnenfeld,188.0,False
Steve Oedekerk,176.0,False
Garry Marshall,0.0,False
Hugh Wilson,37.0,False
David Fincher,21000.0,False
Neill Blomkamp,662.0,False
Stephen Hillenburg,47.0,False
Clint Eastwood,16000.0,False
Clint Eastwood,16000.0,False
Harold Ramis,11000.0,False
Nick Cassavetes,415.0,False
Anne Fletcher,98.0,False
Peter Chelsom,23.0,False
Stig Bergqvist,0.0,False
Barbra Streisand,0.0,False
Edward Zwick,380.0,False
Jason Reitman,655.0,False
Alexander Payne,729.0,False
Jonathan Levine,129.0,False
Rian Johnson,0.0,False
Chris Weitz,129.0,False
Chris Noonan,108.0,False
David Frankel,64.0,False
Nicholas Stoller,89.0,False
John Singleton,309.0,False
Michael McCullers,5.0,False
Forest Whitaker,0.0,False
Gary Winick,56.0,False
Steven Brill,65.0,False
Gary Winick,56.0,False
Woody Allen,11000.0,False
Peter Lepeniotis,7.0,False
Ted Demme,47.0,False
Luis Mandoki,43.0,False
William Shatner,0.0,False
John Schultz,13.0,False
Peter Segal,88.0,False
John Glen,46.0,False
Steve Box,9.0,False
Richard LaGravenese,98.0,False
Joe Wright,456.0,False
Gary Winick,56.0,False
Ridley Scott,0.0,False
Tim Burton,13000.0,False
Denis Villeneuve,777.0,False
Antoine Fuqua,845.0,False
Sam Raimi,0.0,False
Lee Toland Krieger,43.0,False
Tim McCanlies,23.0,False
Jon M. Chu,209.0,False
John Stockwell,134.0,False
Marc Forster,395.0,False
David Slade,171.0,False
Drew Goddard,246.0,False
Jason Friedberg,82.0,False
Martin Brest,102.0,False
Paul Michael Glaser,343.0,False
Frank Oz,0.0,False
Joe Wright,456.0,False
John R. Leonetti,40.0,False
Tom Hanks,15000.0,False
Kimberly Peirce,108.0,False
Liz Friedlander,3.0,False
Phil Joanou,21.0,False
Sam Weisman,39.0,False
Shane Acker,30.0,False
Steven Soderbergh,0.0,False
Stephen J. Anderson,15.0,False
Troy Miller,14.0,False
Warren Beatty,631.0,False
Tate Taylor,150.0,False
Carl Franklin,73.0,False
Brett Leonard,32.0,False
Ivan Reitman,425.0,False
Scott Derrickson,301.0,False
Alister Grierson,24.0,False
Nick Hurran,34.0,False
Nicholas Stoller,89.0,False
Charles Stone III,30.0,False
Paul Haggis,549.0,False
Kurt Wimmer,110.0,False
Jean-François Richet,25.0,False
Antoine Fuqua,845.0,False
Kevin Hooks,114.0,False
Ellory Elkayem,11.0,False
Edward Zwick,380.0,False
Jon Avnet,50.0,False
Niki Caro,51.0,False
Howard Deutch,41.0,False
Vincenzo Natali,165.0,False
Willard Huyck,8.0,False
Gavin O'Connor,149.0,False
Bruce Hunt,2.0,False
Rob Reiner,0.0,False
Paul McGuigan,118.0,False
Craig Gillespie,44.0,False
Terrence Malick,0.0,False
Chris Roberts,38.0,False
Neil Jordan,277.0,False
James Wong,70.0,False
Jee-woon Kim,419.0,False
Nick Hamm,6.0,False
Andy Cadiff,3.0,False
Mike Disa,6.0,False
Lasse Hallström,529.0,False
Terry Gilliam,0.0,False
Brad Furman,65.0,False
Peter Howitt,29.0,False
Edward Zwick,380.0,False
Sergio Leone,0.0,False
Niels Arden Oplev,76.0,False
Michael Radford,53.0,False
Neil Jordan,277.0,False
Chris Noonan,108.0,False
Corey Yuen,23.0,False
Andrew Dominik,181.0,False
Marc Forster,395.0,False
Elizabeth Banks,0.0,False
James Mangold,446.0,False
Edward Norton,0.0,False
Peter Hewitt,12.0,False
Ron Howard,2000.0,False
Reginald Hudlin,71.0,False
Ben Falcone,265.0,False
Richard Attenborough,0.0,False
Lawrence Kasdan,759.0,False
Don Mancini,64.0,False
John Maybury,11.0,False
Ron Clements,63.0,False
F. Gary Gray,473.0,False
Steven Spielberg,14000.0,False
Igor Kovalyov,5.0,False
Lee Tamahori,93.0,False
Robert Rodriguez,0.0,False
John McTiernan,323.0,False
David Wain,136.0,False
Adam McKay,285.0,False
Ang Lee,0.0,False
Gavin O'Connor,149.0,False
Zack Snyder,0.0,False
Adam Shankman,163.0,False
Wes Anderson,0.0,False
James Mangold,446.0,False
Jon Turteltaub,226.0,False
John Glen,46.0,False
Peter Chelsom,23.0,False
Peter Hyams,0.0,False
Ben Stiller,0.0,False
Lasse Hallström,529.0,False
Kenny Ortega,197.0,False
Scott Hicks,96.0,False
Matthew Vaughn,905.0,False
Ruben Fleischer,181.0,False
Patrick Lussier,71.0,False
Miguel Arteta,44.0,False
Joe Wright,456.0,False
Ridley Scott,0.0,False
Michael Caton-Jones,105.0,False
McG,368.0,False
James Gray,115.0,False
Janusz Kaminski,710.0,False
Donald Petrie,80.0,False
Jay Roach,116.0,False
Brian Levant,32.0,False
Michael Ritchie,23.0,False
John Carpenter,0.0,False
David Gordon Green,234.0,False
Burr Steers,23.0,False
Martin Scorsese,17000.0,False
Robert B. Weide,53.0,False
Jeff Wadlow,65.0,False
Camille Delamarre,11.0,False
John Glen,46.0,False
Judd Apatow,0.0,False
Nick Cassavetes,415.0,False
Malcolm D. Lee,92.0,False
David Lean,767.0,False
Richard Eyre,14.0,False
Gavin Hood,151.0,False
Nicholas Meyer,120.0,False
Callie Khouri,144.0,False
Jon Favreau,4000.0,False
Gary Fleder,39.0,False
John Landis,644.0,False
Todd Graff,650.0,False
Chris Weitz,129.0,False
Steve Miner,49.0,False
Paul McGuigan,118.0,False
Philip Kaufman,133.0,False
Roland Emmerich,776.0,False
Alex Proyas,295.0,False
Saul Dibb,10.0,False
Richard Linklater,0.0,False
Christian Alvart,22.0,False
E. Elias Merhige,54.0,False
Menno Meyjes,43.0,False
Robert Rodriguez,0.0,False
Jodie Foster,0.0,False
Ronny Yu,31.0,False
Joel Schumacher,541.0,False
Renny Harlin,212.0,False
Barry Levinson,272.0,False
Norman Jewison,278.0,False
Steve Carr,41.0,False
Mark Waters,70.0,False
Judd Apatow,0.0,False
John Madden,108.0,False
Scott Frank,71.0,False
Ivan Reitman,425.0,False
David Gordon Green,234.0,False
Andy Tennant,72.0,False
Kevin Costner,0.0,False
Joel Schumacher,541.0,False
Richard Attenborough,0.0,False
Wes Craven,0.0,False
David R. Ellis,160.0,False
Joel Coen,0.0,False
Scott Stewart,124.0,False
Michael Bay,0.0,False
Paul Weitz,80.0,False
Jonathan Frakes,906.0,False
Lawrence Kasdan,759.0,False
Jim Sheridan,260.0,False
Kevin Allen,8.0,False
Garry Marshall,0.0,False
Michael Cristofer,49.0,False
James McTeigue,160.0,False
Donald Petrie,80.0,False
Andrew Morahan,5.0,False
Bob Rafelson,30.0,False
Woody Allen,11000.0,False
Alan Shapiro,0.0,False
Tarsem Singh,763.0,False
Fernando Meirelles,353.0,False
Chris Columbus,0.0,False
Barry Levinson,272.0,False
Clint Eastwood,16000.0,False
Oliver Stone,0.0,False
Pierre Morel,180.0,False
Michael Hoffman,97.0,False
Mick Jackson,81.0,False
Steven Spielberg,14000.0,False
Tate Taylor,150.0,False
Bill Condon,386.0,False
Raja Gosnell,67.0,False
Ronny Yu,31.0,False
John A. Davis,8.0,False
Matt Reeves,198.0,False
Michael Pressman,34.0,False
Brian De Palma,0.0,False
Ethan Coen,1000.0,False
Tim Story,167.0,False
Sharon Maguire,11.0,False
Lasse Hallström,529.0,False
Charles Herman-Wurmfeld,0.0,False
Andy Fickman,99.0,False
Ivan Reitman,425.0,False
George P. Cosmatos,170.0,False
Andrzej Bartkowiak,43.0,False
James Wong,70.0,False
Scott Hicks,96.0,False
Gabor Csupo,47.0,False
Marc Forster,395.0,False
Tyler Perry,0.0,False
Joe Carnahan,248.0,False
John Polson,21.0,False
Adam McKay,285.0,False
Martin Scorsese,17000.0,False
Harald Zwart,91.0,False
Kirk Jones,52.0,False
Brian De Palma,0.0,False
Steve Oedekerk,176.0,False
Bernardo Bertolucci,973.0,False
Baltasar Kormákur,175.0,False
Brett Ratner,420.0,False
Paul Thomas Anderson,0.0,False
Cathy Malkasian,0.0,False
John Eng,0.0,False
Malcolm D. Lee,92.0,False
Ken Kwapis,42.0,False
Chris Nahon,20.0,False
Fred Wolf,29.0,False
Craig Gillespie,44.0,False
Phillip Noyce,176.0,False
Dennie Gordon,29.0,False
Victor Salva,108.0,False
Mark Helfrich,7.0,False
Andrzej Bartkowiak,43.0,False
Stephen Daldry,335.0,False
Andy Fickman,99.0,False
Steve Bendelack,68.0,False
Dwight H. Little,27.0,False
Guillaume Canet,0.0,False
Kirsten Sheridan,59.0,False
Shekhar Kapur,159.0,False
Ronny Yu,31.0,False
Richard Fleischer,130.0,False
Bob Spiers,14.0,False
Damien Dante Wayans,82.0,False
Frank Darabont,0.0,False
Simon Wincer,23.0,False
Bobby Farrelly,101.0,False
Rupert Wyatt,81.0,False
John Wells,53.0,False
Nigel Cole,13.0,False
Dexter Fletcher,452.0,False
Spike Lee,0.0,False
Jeremy Leven,19.0,False
Sylvain White,41.0,False
Troy Nixey,24.0,False
Philip G. Atwell,5.0,False
Paul Thomas Anderson,0.0,False
Jeff Schaffer,17.0,False
Don Michael Paul,70.0,False
Paul Feig,176.0,False
James Bridges,21.0,False
Richard Kelly,219.0,False
Carter Smith,27.0,False
John Schlesinger,154.0,False
Wes Craven,0.0,False
Luke Greenfield,42.0,False
Ringo Lam,17.0,False
Bruce McCulloch,54.0,False
Brian Helgeland,241.0,False
David R. Ellis,160.0,False
Alan Parker,317.0,False
Ivan Reitman,425.0,False
Robert Redford,0.0,False
Catherine Hardwicke,308.0,False
Patricia Riggen,36.0,False
John Carpenter,0.0,False
Gavin O'Connor,149.0,False
Neil Jordan,277.0,False
Ron Maxwell,33.0,False
Kimberly Peirce,108.0,False
Stephen Gaghan,79.0,False
Jonathan Kaplan,57.0,False
Ole Bornedal,30.0,False
Richard Benjamin,121.0,False
Rod Lurie,37.0,False
Lasse Hallström,529.0,False
Craig R. Baxley,22.0,False
John Hillcoat,214.0,False
Marcos Siega,32.0,False
J.B. Rogers,6.0,False
Roger Donaldson,79.0,False
David R. Ellis,160.0,False
Rachel Talalay,54.0,False
Jeffrey W. Byrd,2.0,False
Fernando Meirelles,353.0,False
Uwe Boll,892.0,False
Atom Egoyan,460.0,False
Robert Towne,162.0,False
Richard Linklater,0.0,False
Giuseppe Tornatore,911.0,False
Werner Herzog,0.0,False
Taylor Hackford,138.0,False
Ridley Scott,0.0,False
Stephen Frears,350.0,False
Walter Salles,179.0,False
Leonard Nimoy,12000.0,False
Sylvester Stallone,13000.0,False
Ericson Core,19.0,False
Wes Craven,0.0,False
Gavin O'Connor,149.0,False
Tim Story,167.0,False
Jonathan Lynn,36.0,False
Herbert Ross,71.0,False
Todd Phillips,480.0,False
Terry Gilliam,0.0,False
Danny Cannon,41.0,False
Bonnie Hunt,597.0,False
Kevin Smith,0.0,False
Neil LaBute,119.0,False
Grant Heslov,293.0,False
George Gallo,269.0,False
James Mangold,446.0,False
Robert Luketic,126.0,False
Tim Hill,25.0,False
Sidney Lumet,0.0,False
Brian Robbins,48.0,False
Ron Shelton,41.0,False
Douglas McGrath,41.0,False
Alexandre Aja,192.0,False
Kevin Spacey,18000.0,False
Richard Williams,18.0,False
Mary McGuckian,6.0,False
George Tillman Jr.,88.0,False
Ruben Fleischer,181.0,False
Peter Jackson,0.0,False
Frank Coraci,153.0,False
Irvin Kershner,883.0,False
Michael Bay,0.0,False
David Zucker,119.0,False
James Wong,70.0,False
George Clooney,0.0,False
David Twohy,123.0,False
Tony Goldwyn,956.0,False
Spike Jonze,0.0,False
Dexter Fletcher,452.0,False
John Dahl,131.0,False
Jonathan Newman,3.0,False
Wayne Wang,61.0,False
Andy Cadiff,3.0,False
Michael Dinner,12.0,False
Steven Soderbergh,0.0,False
Joseph Sargent,114.0,False
Jerry Zaks,4.0,False
Fred Durst,258.0,False
Neil Jordan,277.0,False
Simon Wincer,23.0,False
Stephen Frears,350.0,False
Mira Nair,300.0,False
Mikael Håfström,101.0,False
Mel Brooks,0.0,False
Russell Crowe,0.0,False
Jerry Zucker,109.0,False
Bobby Farrelly,101.0,False
John Pasquin,11.0,False
John Lee Hancock,102.0,False
Andy Fickman,99.0,False
Clint Eastwood,16000.0,False
Luke Greenfield,42.0,False
Lasse Hallström,529.0,False
Irwin Winkler,34.0,False
Jessie Nelson,24.0,False
Christopher Spencer,25.0,False
Len Wiseman,235.0,False
Mikael Håfström,101.0,False
Steven Soderbergh,0.0,False
Richard Attenborough,0.0,False
Mike Bigelow,2.0,False
Ken Scott,31.0,False
Paul McGuigan,118.0,False
Dennis Dugan,221.0,False
David Bowers,42.0,False
Spike Lee,0.0,False
Kevin Smith,0.0,False
Michael Bay,0.0,False
Daniel Sackheim,12.0,False
Ethan Coen,1000.0,False
Harry Elfont,4.0,False
Gary Fleder,39.0,False
Uli Edel,34.0,False
David O. Russell,737.0,False
Fred Dekker,87.0,False
Brian Trenchard-Smith,53.0,False
Blake Edwards,688.0,False
Hugh Wilson,37.0,False
Camille Delamarre,11.0,False
David Palmer,21.0,False
Callie Khouri,144.0,False
Rowan Joffe,17.0,False
John Curran,43.0,False
Scott Cooper,108.0,False
Tony Gilroy,209.0,False
Peter Segal,88.0,False
Mark Pellington,89.0,False
Woody Allen,11000.0,False
Clint Eastwood,16000.0,False
Trey Parker,406.0,False
Frank Oz,0.0,False
Stuart Gillard,8.0,False
Brian Robbins,48.0,False
David O. Russell,737.0,False
Richard LaGravenese,98.0,False
Louis Leterrier,255.0,False
Jeff Wadlow,65.0,False
Katt Shea,52.0,False
Sam Mendes,0.0,False
Joshua Michael Stern,0.0,False
Brad Silberling,52.0,False
Tomas Alfredson,140.0,False
John Duigan,18.0,False
Jodie Foster,0.0,False
Colin Higgins,19.0,False
David Cronenberg,0.0,False
Steven Spielberg,14000.0,False
Chris Columbus,0.0,False
Steven Spielberg,14000.0,False
Jim Sonzero,2.0,False
Tony Scott,12000.0,False
Adam Shankman,163.0,False
Jonathan Demme,438.0,False
Penelope Spheeris,122.0,False
Jeff Tremaine,79.0,False
Jeannot Szwarc,82.0,False
Raja Gosnell,67.0,False
James Wan,0.0,False
Brian Levant,32.0,False
Ben Falcone,265.0,False
D.J. Caruso,154.0,False
Richard Linklater,0.0,False
Paul W.S. Anderson,545.0,False
Paul McGuigan,118.0,False
Keenen Ivory Wayans,322.0,False
Alexander Payne,729.0,False
Andrew Davis,99.0,False
Julie Anne Robinson,30.0,False
Steve McQueen,0.0,False
Charles Stone III,30.0,False
Tyler Perry,0.0,False
Tim Burton,13000.0,False
Thea Sharrock,17.0,False
Tyler Perry,0.0,False
Aaron Seltzer,64.0,False
Robin Budd,2.0,False
Ava DuVernay,151.0,False
Steve Trenbirth,0.0,False
Stephen Kay,19.0,False
Mennan Yapo,9.0,False
Jun Falkenstein,25.0,False
Boaz Yakin,132.0,False
Jason Friedberg,82.0,False
John Milius,468.0,False
Tom McCarthy,310.0,False
Neil LaBute,119.0,False
Takashi Shimizu,70.0,False
Kevin Rodney Sullivan,8.0,False
Peter Hewitt,12.0,False
Barry Levinson,272.0,False
Anton Corbijn,210.0,False
Gregory Nava,16.0,False
Jason Friedberg,82.0,False
Alejandro G. Iñárritu,0.0,False
Shawn Levy,189.0,False
John Patrick Shanley,53.0,False
Trey Parker,406.0,False
John Luessenhop,34.0,False
Jon Amiel,36.0,False
Malcolm D. Lee,92.0,False
Gus Van Sant,835.0,False
Kevin Reynolds,58.0,False
Steve Beck,17.0,False
Todd Strauss-Schulson,12.0,False
John McNaughton,39.0,False
John Madden,108.0,False
Stephen Frears,350.0,False
Eric Valette,2.0,False
John Schlesinger,154.0,False
Roger Donaldson,79.0,False
Michel Gondry,1000.0,False
Andy Fickman,99.0,False
David Ayer,453.0,False
Edgar Wright,1000.0,False
Andrew Fleming,26.0,False
Michael Spierig,35.0,False
Jim Field Smith,14.0,False
Thomas Bezucha,15.0,False
William Brent Bell,19.0,False
Simon Wincer,23.0,False
Anthony Bell,0.0,False
Renny Harlin,212.0,False
Robert Rodriguez,0.0,False
Gus Van Sant,835.0,False
John Carpenter,0.0,False
Alfred Hitchcock,13000.0,False
Howard Deutch,41.0,False
Shana Feste,19.0,False
Garry Marshall,0.0,False
Steve Rash,15.0,False
Mark Steven Johnson,160.0,False
Mike Binder,57.0,False
Sean Penn,0.0,False
Todd Phillips,480.0,False
Michael J. Bassett,83.0,False
Robert Rodriguez,0.0,False
Frank Nissen,0.0,False
Jodie Foster,0.0,False
Peter Hastings,0.0,False
Alejandro G. Iñárritu,0.0,False
Paul Abascal,2.0,False
Catherine Hardwicke,308.0,False
Chris Koch,13.0,False
Amy Heckerling,143.0,False
George Stevens,126.0,False
Jason Friedberg,82.0,False
Nimród Antal,190.0,False
Jon Amiel,36.0,False
Mark Mylod,20.0,False
James Mather,4.0,False
Barry Levinson,272.0,False
Mark Neveldine,83.0,False
Woody Allen,11000.0,False
Michael O. Sajbel,6.0,False
Phillip Noyce,176.0,False
Gore Verbinski,563.0,False
Walter Hill,394.0,False
David Koepp,192.0,False
Renny Harlin,212.0,False
Matt Reeves,198.0,False
Charles T. Kanganis,18.0,False
Michel Gondry,1000.0,False
Stephen Frears,350.0,False
John Hillcoat,214.0,False
Woody Allen,11000.0,False
Damon Santostefano,4.0,False
John Wells,53.0,False
Neil Jordan,277.0,False
Woody Allen,11000.0,False
Frank Oz,0.0,False
James Wan,0.0,False
Kirk Jones,52.0,False
Bob Clark,84.0,False
Les Mayfield,10.0,False
Les Mayfield,10.0,False
Michael Lembeck,54.0,False
Paul Thomas Anderson,0.0,False
Dave Borthwick,3.0,False
Benson Lee,9.0,False
David Zucker,119.0,False
Robert Rodriguez,0.0,False
Glen Morgan,17.0,False
Fred Wolf,29.0,False
Mike Leigh,608.0,False
David Cronenberg,0.0,False
Richard Linklater,0.0,False
Michael Apted,150.0,False
Uwe Boll,892.0,False
Todd Graff,650.0,False
Jonathan Glazer,143.0,False
J.C. Chandor,78.0,False
Marc Abraham,18.0,False
Todd Haynes,162.0,False
Mabrouk El Mechri,19.0,False
Rian Johnson,0.0,False
Charlie Kaufman,0.0,False
Nancy Walker,42.0,False
John Hillcoat,214.0,False
Angelo Pizzo,14.0,False
Richard Benjamin,121.0,False
Kurt Wimmer,110.0,False
Roger Spottiswoode,55.0,False
James Gray,115.0,False
Angelina Jolie Pitt,11000.0,False
David Anspaugh,25.0,False
Kevin Reynolds,58.0,False
Kevin Munroe,14.0,False
Daniel Algrant,3.0,False
Julie Taymor,278.0,False
Kevin Costner,0.0,False
Jake Kasdan,52.0,False
Harold Becker,17.0,False
Mark Rosman,15.0,False
Wes Craven,0.0,False
Steve Beck,17.0,False
Robert Zemeckis,0.0,False
William Malone,37.0,False
Tyler Perry,0.0,False
Josh Gordon,8.0,False
Shawn Levy,189.0,False
Lee Tamahori,93.0,False
Britt Allcroft,2.0,False
Breck Eisner,42.0,False
Roger Donaldson,79.0,False
Brian Percival,33.0,False
Sean Anders,51.0,False
Anand Tucker,14.0,False
Michael Dowse,31.0,False
Emile Ardolino,22.0,False
Robert Altman,500.0,False
Andrew Douglas,15.0,False
Spike Jonze,0.0,False
George A. Romero,0.0,False
Terry Gilliam,0.0,False
Ricky Gervais,0.0,False
Nicholas Stoller,89.0,False
Chuck Russell,55.0,False
Penny Marshall,545.0,False
Larry Charles,119.0,False
Robert Luketic,126.0,False
Leonard Nimoy,12000.0,False
Scott Derrickson,301.0,False
Mike Mitchell,31.0,False
Vic Armstrong,179.0,False
Thomas Bezucha,15.0,False
Kevin Rodney Sullivan,8.0,False
Terry Zwigoff,72.0,False
Jay Roach,116.0,False
Kirk Jones,52.0,False
David Bowers,42.0,False
John McTiernan,323.0,False
Milos Forman,869.0,False
Nelson McCormick,29.0,False
Mark Waters,70.0,False
Audrey Wells,22.0,False
Robert Altman,500.0,False
Francis Ford Coppola,0.0,False
Alejandro G. Iñárritu,0.0,False
Woody Allen,11000.0,False
Paul Greengrass,521.0,False
Bille Woodruff,23.0,False
Edward Zwick,380.0,False
Rick Friedberg,8.0,False
John Carpenter,0.0,False
Sean McNamara,80.0,False
Jody Hill,62.0,False
Richard Fleischer,130.0,False
Martin Scorsese,17000.0,False
Brandon Camp,7.0,False
Barry Levinson,272.0,False
Kevin Tancharoen,64.0,False
Danny Boyle,0.0,False
Woody Allen,11000.0,False
Nicholas Hytner,13.0,False
Jessie Nelson,24.0,False
Bart Freundlich,38.0,False
Irwin Winkler,34.0,False
Danny Boyle,0.0,False
Chris Columbus,0.0,False
Miguel Arteta,44.0,False
William A. Fraker,28.0,False
John Boorman,128.0,False
Courtney Solomon,31.0,False
Ang Lee,0.0,False
Rob Reiner,0.0,False
Jeff Kanew,6.0,False
István Szabó,109.0,False
Adrian Lyne,213.0,False
Matthew Robbins,25.0,False
Michael Hoffman,97.0,False
Tim Burton,13000.0,False
Jason Reitman,655.0,False
Guy Ritchie,0.0,False
Hal Needham,379.0,False
Kenneth Branagh,0.0,False
Jeff Nichols,337.0,False
Woody Allen,11000.0,False
Jonathan Teplitzky,6.0,False
Mike Marvin,28.0,False
D.J. Caruso,154.0,False
Lance Hool,0.0,False
Christian Volckman,2.0,False
Greg Mottola,99.0,False
Jon M. Chu,209.0,False
Cory Edwards,19.0,False
Terry George,83.0,False
Xavier Gens,87.0,False
Kasi Lemmons,148.0,False
Matt Dillon,0.0,False
Alejandro Amenábar,448.0,False
James Cameron,0.0,False
George Cukor,165.0,False
Jim Gillespie,13.0,False
Luke Greenfield,42.0,False
Alexander Payne,729.0,False
Jay Chandrasekhar,422.0,False
John Carpenter,0.0,False
John Hoffman,9.0,False
Malcolm D. Lee,92.0,False
Joe Carnahan,248.0,False
Kevin Greutert,52.0,False
Michael Lehmann,36.0,False
Joseph Kosinski,364.0,False
John Fortenberry,12.0,False
Daniel Barnz,33.0,False
Alexandre Aja,192.0,False
Sam Weisman,39.0,False
Niki Caro,51.0,False
Jason Moore,36.0,False
Michael Tollin,19.0,False
Sam Raimi,0.0,False
Robert Harmon,11.0,False
Trent Cooper,0.0,False
Gary Halvorson,11.0,False
Antoine Fuqua,847.0,False
Fede Alvarez,201.0,False
Donald Petrie,80.0,False
Paul Weitz,80.0,False
Sidney J. Furie,22.0,False
Wayne Kramer,47.0,False
Jim Goddard,3.0,False
Neil Burger,168.0,False
Noel Marshall,4.0,False
Joel Schumacher,541.0,False
Richard Kelly,219.0,False
Todd Lincoln,57.0,False
Howard Zieff,6.0,False
Steven Shainberg,30.0,False
Neil Burger,168.0,False
Oliver Stone,0.0,False
Ang Lee,0.0,False
Julian Jarrold,11.0,False
Joe Nussbaum,18.0,False
Vadim Perelman,26.0,False
Peter Weir,608.0,False
Peter Farrelly,137.0,False
Rob Reiner,0.0,False
Sidney Lumet,0.0,False
Todd Phillips,480.0,False
Brian Robbins,48.0,False
Michel Hazanavicius,405.0,False
David S. Goyer,687.0,False
Wes Anderson,0.0,False
Jonathan Liebesman,473.0,False
Cyrus Nowrasteh,19.0,False
Perry Andelin Blake,11.0,False
John Whitesell,14.0,False
John Singleton,309.0,False
Christian E. Christiansen,26.0,False
Dennie Gordon,29.0,False
Sheldon Lettich,23.0,False
Edgar Wright,1000.0,False
Diane English,15.0,False
Woody Allen,11000.0,False
Robert Iscove,7.0,False
Peter Kosminsky,7.0,False
Karyn Kusama,45.0,False
Nick Gomez,22.0,False
Woody Allen,11000.0,False
Vic Armstrong,179.0,False
Allen Coulter,47.0,False
Clare Kilner,6.0,False
Richard Benjamin,121.0,False
Jonathan Demme,438.0,False
Josef Rusnak,9.0,False
Bruce Paltrow,28.0,False
Woody Allen,11000.0,False
Adam Rifkin,89.0,False
Russell Mulcahy,85.0,False
Susanne Bier,369.0,False
Kenneth Johnson,34.0,False
James Gray,115.0,False
James Ivory,133.0,False
Danny Boyle,0.0,False
Jessy Terrero,29.0,False
Vicente Amorim,6.0,False
Gaspar Noé,929.0,False
Amy Heckerling,143.0,False
Tommy Lee Jones,0.0,False
Jesse Vaughan,10.0,False
Wayne Beach,7.0,False
James Gunn,571.0,False
Martin Brest,102.0,False
Chris Columbus,0.0,False
Leonard Nimoy,12000.0,False
Sydney Pollack,521.0,False
Tony Scott,12000.0,False
Sam Mendes,0.0,False
Tom Hooper,0.0,False
Ivan Reitman,425.0,False
Udayan Prasad,4.0,False
Steven Spielberg,14000.0,False
Morten Tyldum,77.0,False
Howard Zieff,6.0,False
Thor Freudenthal,87.0,False
Andrés Muschietti,127.0,False
John Carpenter,0.0,False
Harold Ramis,11000.0,False
Jeff Tremaine,79.0,False
Stephen Frears,350.0,False
Tim Burton,13000.0,False
Tyler Perry,0.0,False
Gillian Armstrong,44.0,False
James Watkins,43.0,False
Simon West,165.0,False
Shawn Levy,189.0,False
Barry Levinson,272.0,False
Jim Fall,13.0,False
Ric Roman Waugh,29.0,False
Michael Dougherty,66.0,False
Robert Rodriguez,0.0,False
James Mangold,446.0,False
Joel Gallen,11.0,False
David Ayer,453.0,False
Cameron Crowe,488.0,False
Rob Cohen,357.0,False
James Marsh,120.0,False
John Whitesell,14.0,False
Matt Williams,18.0,False
David Lean,767.0,False
Rob Zombie,0.0,False
Jean-Marc Vallée,212.0,False
Dennis Iliadis,29.0,False
Clare Kilner,6.0,False
Rick Rosenthal,28.0,False
Louis Leterrier,255.0,False
Rob Reiner,0.0,False
Denzel Washington,18000.0,False
Nicolas Winding Refn,0.0,False
Sara Sugarman,10.0,False
Nicholas Hytner,13.0,False
Juan Carlos Fresnadillo,35.0,False
Thomas Carter,49.0,False
Wayne Wang,61.0,False
Gina Prince-Bythewood,107.0,False
George Armitage,5.0,False
Phil Traill,3.0,False
Joe Berlinger,31.0,False
Andrew Fleming,26.0,False
Woody Allen,11000.0,False
Elizabeth Allen Rosenbaum,20.0,False
James Ivory,133.0,False
Paul Thomas Anderson,0.0,False
Robert Harmon,11.0,False
Michael Mayer,15.0,False
Martin Weisz,7.0,False
John Ottman,83.0,False
Jay Russell,13.0,False
John Bonito,8.0,False
Peter Atencio,10.0,False
Shana Feste,19.0,False
David Nutter,119.0,False
Derek Cianfrance,310.0,False
Roger Donaldson,79.0,False
Stephan Elliott,11.0,False
Kathryn Bigelow,0.0,False
Mark L. Lester,73.0,False
Andrew Dominik,181.0,False
Anton Corbijn,210.0,False
Tom Green,374.0,False
Mike Nawrocki,12.0,False
Douglas Aarniokoski,36.0,False
Bryan Barber,16.0,False
Lone Scherfig,92.0,False
Drew Barrymore,0.0,False
James Foley,164.0,False
Albert Brooks,745.0,False
Irwin Winkler,34.0,False
Woody Allen,11000.0,False
Steve Gomer,9.0,False
RZA,561.0,False
Dean Parisot,23.0,False
Mark Piznarski,4.0,False
Terry Gilliam,0.0,False
Sean McNamara,80.0,False
Joel Coen,0.0,False
Craig Brewer,153.0,False
Ron Shelton,41.0,False
Michael Winterbottom,187.0,False
David Raynr,9.0,False
Mort Nathan,2.0,False
Oliver Parker,32.0,False
Wil Shriner,6.0,False
Martin McDonagh,454.0,False
Tina Gordon Chism,24.0,False
Peter Cattaneo,11.0,False
Vicky Jenson,96.0,False
Gus Van Sant,835.0,False
Woody Allen,11000.0,False
Mary Lambert,52.0,False
Tommy Lee Jones,0.0,False
Peter Kassovitz,0.0,False
Shane Black,1000.0,False
Rodman Flender,6.0,False
David Lynch,0.0,False
Woody Allen,11000.0,False
Mark Romanek,132.0,False
Brad Anderson,122.0,False
Michael Chapman,70.0,False
Antonio Banderas,0.0,False
Michael Haneke,0.0,False
Gary Fleder,39.0,False
Gregor Jordan,34.0,False
Ryûhei Kitamura,129.0,False
Dito Montiel,68.0,False
Stefan Ruzowitzky,24.0,False
Jake Paltrow,17.0,False
Harold Ramis,11000.0,False
Gregory Jacobs,13.0,False
Baz Luhrmann,1000.0,False
Clint Eastwood,16000.0,False
Lars von Trier,3000.0,False
Danny Boyle,0.0,False
Adrian Lyne,213.0,False
Garry Marshall,0.0,False
John Cornell,5.0,False
Oliver Stone,0.0,False
Jon Turteltaub,226.0,False
Patrick Lussier,71.0,False
Ole Bornedal,30.0,False
Sylvain White,41.0,False
Lewis Gilbert,43.0,False
Jamie Blanks,9.0,False
Stephen Frears,350.0,False
Randal Kleiser,116.0,False
Bruce McCulloch,54.0,False
Phyllida Lloyd,58.0,False
Mike Nawrocki,12.0,False
John Singleton,309.0,False
Kevin Bray,10.0,False
Wes Craven,0.0,False
Courtney Solomon,31.0,False
David Zucker,119.0,False
David Twohy,123.0,False
Rick Famuyiwa,44.0,False
Alan Cohn,0.0,False
Franco Zeffirelli,160.0,False
Tom Holland,85.0,False
Spike Lee,0.0,False
James Isaac,52.0,False
Shawn Levy,189.0,False
Emilio Estevez,0.0,False
Mark Waters,70.0,False
Josh Schwartz,90.0,False
Todd Field,143.0,False
Davis Guggenheim,49.0,False
Tony Goldwyn,956.0,False
Phillip Noyce,176.0,False
Stephen Carpenter,12.0,False
James Ivory,133.0,False
James Fargo,109.0,False
Mike Leigh,608.0,False
Costa-Gavras,333.0,False
Neil Burger,168.0,False
Kenneth Lonergan,50.0,False
Rob Reiner,0.0,False
Ang Lee,0.0,False
Jonathan Liebesman,473.0,False
Amy Heckerling,143.0,False
Todd Haynes,162.0,False
Steve Pink,38.0,False
Philip Kaufman,133.0,False
Martin McDonagh,454.0,False
Barry Levinson,272.0,False
Hyung-rae Shim,26.0,False
Jon M. Chu,209.0,False
Darren Aronofsky,0.0,False
José Padilha,294.0,False
Francis Ford Coppola,0.0,False
Thomas Carter,49.0,False
Renny Harlin,212.0,False
Patricia Riggen,36.0,False
Danny Leiner,8.0,False
Christopher Cain,58.0,False
Theodore Melfi,51.0,False
Steve Pink,38.0,False
Gil Junger,19.0,False
Ed Decter,13.0,False
Gene Quintano,0.0,False
Jaume Collet-Serra,174.0,False
Eric Bress,19.0,False
Chris Koch,13.0,False
Preston A. Whitmore II,17.0,False
Bob Clark,84.0,False
Kirk Wong,6.0,False
Bronwen Hughes,15.0,False
John Lafia,5.0,False
Sam Miller,12.0,False
Frank Darabont,0.0,False
Alex Garland,232.0,False
Spike Jonze,0.0,False
Mark Brown,7.0,False
Dave Green,13.0,False
John Stockwell,134.0,False
Michael Polish,35.0,False
Lenny Abrahamson,412.0,False
Bob Saget,799.0,False
John Waters,0.0,False
Andrew Fleming,26.0,False
Craig Bolotin,7.0,False
Mark Christopher,15.0,False
Blair Hayes,2.0,False
Jez Butterworth,16.0,False
Jon Lucas,24.0,False
Rod Lurie,37.0,False
Paul Weitz,80.0,False
Atom Egoyan,460.0,False
Paul Mazursky,150.0,False
Jim Sheridan,260.0,False
Sidney Lumet,0.0,False
Stephen Chbosky,139.0,False
Jon Hess,29.0,False
Douglas McGrath,41.0,False
Michael Winterbottom,187.0,False
Mark Neveldine,83.0,False
Joe Cornish,115.0,False
Brad Anderson,122.0,False
John Stainton,0.0,False
Glenn Ficarra,43.0,False
Denzel Washington,18000.0,False
Michael Hoffman,97.0,False
Tony Scott,12000.0,False
James Foley,164.0,False
Michael Winterbottom,187.0,False
Stewart Hendler,10.0,False
Craig Gillespie,44.0,False
Mark Herman,39.0,False
Lars von Trier,3000.0,False
Gillian Armstrong,44.0,False
Abel Ferrara,220.0,False
Brian Koppelman,34.0,False
Ethan Maniquis,20.0,False
George Hickenlooper,60.0,False
Don Bluth,383.0,False
William Dear,50.0,False
William Friedkin,607.0,False
Steven Spielberg,14000.0,False
Paul Weitz,80.0,False
Michael Ritchie,23.0,False
Tim Story,167.0,False
Tim Story,167.0,False
Nicholas Meyer,120.0,False
Tom Shadyac,293.0,False
John Badham,139.0,False
Peter Weir,608.0,False
Mike McCoy,16.0,False
Anne Fletcher,98.0,False
Mike Judge,406.0,False
Quentin Tarantino,16000.0,False
Jon Hurwitz,22.0,False
Josh Trank,128.0,False
Barbra Streisand,0.0,False
Terry Gilliam,0.0,False
Tamra Davis,33.0,False
Nima Nourizadeh,166.0,False
Mark Romanek,132.0,False
John Erick Dowdle,66.0,False
David Moreau,0.0,False
Christopher Erskin,4.0,False
Jesse Dylan,58.0,False
Brian Henson,53.0,False
Martin Campbell,258.0,False
Julie Taymor,278.0,False
Dan Cutforth,4.0,False
Josh Boone,131.0,False
John Dahl,131.0,False
Chris Rock,0.0,False
David Koepp,192.0,False
Stephen Frears,350.0,False
Mike Binder,57.0,False
Elizabeth Allen Rosenbaum,20.0,False
Jake Schreier,14.0,False
Alexander Payne,729.0,False
Ernest R. Dickerson,226.0,False
Tim Hill,25.0,False
Jason Reitman,655.0,False
Mark Neveldine,83.0,False
Richard LaGravenese,98.0,False
John Lee Hancock,102.0,False
Wallace Wolodarsky,32.0,False
Richard Curtis,628.0,False
Nicholas Jarecki,27.0,False
Dean Israelite,16.0,False
Darnell Martin,67.0,False
Scott Alexander,25.0,False
Stuart Gordon,216.0,False
Christopher Guest,378.0,False
Woody Allen,11000.0,False
Ryan Murphy,708.0,False
Robert Iscove,7.0,False
Spike Lee,0.0,False
Jane Campion,319.0,False
James Gray,115.0,False
Fred Schepisi,40.0,False
Antonia Bird,61.0,False
Jon Poll,20.0,False
Peter Care,0.0,False
Chan-wook Park,0.0,False
Ira Sachs,60.0,False
Carroll Ballard,19.0,False
Neil Jordan,277.0,False
Takeshi Kitano,0.0,False
Anthony Russo,94.0,False
Sidney Lumet,0.0,False
Vadim Perelman,26.0,False
Marco Kreuzpaintner,7.0,False
Alan Rudolph,18.0,False
Tim Johnson,12.0,False
Renny Harlin,212.0,False
Guy Ritchie,0.0,False
Mary Lambert,52.0,False
Joe Dante,287.0,False
George Lucas,0.0,False
Dan Mazer,11.0,False
David Lean,767.0,False
Kenny Ortega,197.0,False
David O. Russell,737.0,False
Jonathan Lynn,36.0,False
R.J. Cutler,15.0,False
David S. Ward,42.0,False
Joel Schumacher,541.0,False
Adam Shankman,163.0,False
Tim Robbins,0.0,False
Roger Kumble,16.0,False
Kevin Greutert,52.0,False
Gina Prince-Bythewood,107.0,False
Rob Pritts,5.0,False
Brian De Palma,0.0,False
Tobe Hooper,365.0,False
John Crowley,34.0,False
Brendan Malloy,2.0,False
Reginald Hudlin,71.0,False
Dustin Hoffman,0.0,False
Gregory Poirier,5.0,False
Bill Paxton,0.0,False
Simon Curtis,64.0,False
Bill Condon,386.0,False
Sam Raimi,0.0,False
Dewey Nicks,4.0,False
Lasse Hallström,529.0,False
Philip Saville,10.0,False
Mike Leigh,608.0,False
Daisy von Scherler Mayer,18.0,False
Mira Nair,300.0,False
Ethan Coen,1000.0,False
Tim Blake Nelson,596.0,False
William A. Graham,8.0,False
Agnieszka Holland,238.0,False
Tobe Hooper,365.0,False
David Hackl,43.0,False
Ray Lawrence,10.0,False
Oliver Parker,32.0,False
Ruairi Robinson,7.0,False
Jaume Balagueró,57.0,False
Stanley Kubrick,0.0,False
Steven Spielberg,14000.0,False
Jon Kasdan,21.0,False
Gus Van Sant,835.0,False
Darren Lynn Bousman,163.0,False
Ivan Reitman,425.0,False
Peyton Reed,235.0,False
James DeMonaco,65.0,False
Robert Iscove,7.0,False
Lee Daniels,304.0,False
Darren Lynn Bousman,163.0,False
Geoffrey Sax,13.0,False
Tyler Perry,0.0,False
Martin Scorsese,17000.0,False
Stephen Herek,65.0,False
Takashi Shimizu,70.0,False
Dennis Dugan,221.0,False
Victor Salva,108.0,False
Stephen Herek,65.0,False
Carol Reed,82.0,False
John Madden,108.0,False
Chuck Sheetz,6.0,False
George Miller,750.0,False
William Brent Bell,19.0,False
John Erick Dowdle,66.0,False
Marcus Raboy,7.0,False
Leigh Whannell,482.0,False
Michael Schultz,78.0,False
Guy Ritchie,0.0,False
Brett Leonard,32.0,False
Peter Sollett,6.0,False
Kevin Smith,0.0,False
Bob Dolman,7.0,False
Joe Dante,287.0,False
Rowdy Herrington,9.0,False
Keenen Ivory Wayans,322.0,False
John Polson,21.0,False
Greg Coolidge,27.0,False
Harry Elfont,4.0,False
Francis Ford Coppola,0.0,False
Ciarán Foy,11.0,False
Salim Akil,70.0,False
Jamie Blanks,9.0,False
Olatunde Osunsanmi,58.0,False
Robert Altman,500.0,False
Leon Ichaso,5.0,False
Wes Anderson,0.0,False
Colin Strause,25.0,False
John Madden,108.0,False
Patricia Rozema,22.0,False
Mark Rosman,15.0,False
Spike Lee,0.0,False
Steve Oedekerk,176.0,False
Ron Underwood,31.0,False
Rob Schmidt,36.0,False
James Foley,164.0,False
Jeff Nichols,337.0,False
Robert Ben Garant,134.0,False
Morgan Spurlock,293.0,False
Tuck Tucker,14.0,False
Simon Curtis,64.0,False
Richard Shepard,47.0,False
Theodore Witcher,28.0,False
Joel Edgerton,0.0,False
Jim Hanon,2.0,False
Tommy O'Haver,13.0,False
Mike Judge,406.0,False
Michael Patrick Jann,31.0,False
Tim Burton,13000.0,False
Peter Berg,532.0,False
Joe Nussbaum,18.0,False
Jorma Taccone,434.0,False
Stephen Frears,350.0,False
Elizabeth Banks,0.0,False
Florian Henckel von Donnersmarck,207.0,False
Jeff Lowell,4.0,False
Lorene Scafaria,63.0,False
Tony Kaye,194.0,False
Marcus Dunstan,87.0,False
Timothy Björklund,0.0,False
David Lynch,0.0,False
Scott Kalvert,9.0,False
Jason Bateman,0.0,False
Mike Binder,57.0,False
Eric Bross,49.0,False
Werner Herzog,0.0,False
Jay Duplass,157.0,False
John Putch,60.0,False
Peter Medak,34.0,False
Steven Soderbergh,0.0,False
Paul Haggis,549.0,False
Terence Davies,25.0,False
Harley Cokeliss,4.0,False
Victor Salva,108.0,False
Tom Brady,105.0,False
Spike Lee,0.0,False
Jason Zada,4.0,False
Franklin J. Schaffner,76.0,False
Noah Baumbach,387.0,False
Chris Weitz,129.0,False
David Cronenberg,0.0,False
Eric Blakeney,3.0,False
Douglas McGrath,41.0,False
Ariel Vromen,34.0,False
John Waters,0.0,False
William Friedkin,607.0,False
Derrick Borte,17.0,False
Richard Kwietniowski,23.0,False
Bob Odenkirk,0.0,False
Kar-Wai Wong,0.0,False
Guy Ritchie,0.0,False
Joshua Seftel,0.0,False
Vincent Gallo,787.0,False
Jon Stewart,593.0,False
Dan Harris,24.0,False
Mel Smith,302.0,False
Christopher Smith,76.0,False
Stuart Gordon,216.0,False
Alan Metter,3.0,False
Arthur Hiller,71.0,False
Michael Meredith,7.0,False
Julio DePietro,0.0,False
Katherine Dieckmann,8.0,False
Scott Marshall,7.0,False
Álex de la Iglesia,275.0,False
Michael Clancy,0.0,False
Andy Garcia,0.0,False
Steve Carr,41.0,False
Lewis Gilbert,43.0,False
Gary Sherman,17.0,False
Stanley Kramer,176.0,False
Richard Loncraine,12.0,False
Lars von Trier,3000.0,False
Ridley Scott,0.0,False
Tobe Hooper,365.0,False
Floria Sigismondi,50.0,False
Norman Jewison,278.0,False
Terence Young,92.0,False
F. Gary Gray,473.0,False
Malcolm D. Lee,92.0,False
Tom Holland,85.0,False
Michael Moore,909.0,False
James DeMonaco,65.0,False
Kris Isacsson,0.0,False
Danny Leiner,8.0,False
Rod Lurie,37.0,False
Ben Younger,46.0,False
Glen Morgan,17.0,False
Kenneth Branagh,0.0,False
Christopher McQuarrie,188.0,False
Burr Steers,23.0,False
Hart Bochner,157.0,False
Davis Guggenheim,49.0,False
Bart Freundlich,38.0,False
Andrew Fleming,26.0,False
Kevin Tancharoen,64.0,False
Dario Argento,930.0,False
Mike Leigh,608.0,False
Marc Forby,3.0,False
Peter Cattaneo,11.0,False
Meiert Avis,0.0,False
Peter Faiman,4.0,False
Joby Harold,8.0,False
Ekachai Uekrongtham,3.0,False
Scott Cooper,108.0,False
Mark Rydell,43.0,False
David E. Talbert,68.0,False
Alexander Payne,729.0,False
Ari Sandel,17.0,False
Vondie Curtis-Hall,170.0,False
Jane Campion,319.0,False
Herbert Ross,71.0,False
John Sayles,407.0,False
John G. Avildsen,80.0,False
Darren Lynn Bousman,163.0,False
Quentin Tarantino,16000.0,False
Dan Gilroy,66.0,False
Jay Chandrasekhar,422.0,False
Robert Wise,338.0,False
Ron Howard,2000.0,False
Jonathan Dayton,36.0,False
Rob Reiner,0.0,False
Danny Boyle,0.0,False
Chris Stokes,548.0,False
Don Siegel,152.0,False
Rick Famuyiwa,44.0,False
Martin Lawrence,0.0,False
Jonathan Levine,129.0,False
Masayuki Ochiai,5.0,False
Tom Gormican,19.0,False
Kenneth Branagh,0.0,False
Peter R. Hunt,13.0,False
Wes Craven,0.0,False
John Schultz,13.0,False
Tamra Davis,33.0,False
Jonas Elmer,3.0,False
Stephen Gaghan,79.0,False
Mary Harron,126.0,False
Miguel Arteta,44.0,False
Troy Duffy,78.0,False
Nicole Holofcener,132.0,False
Will Gluck,87.0,False
E. Elias Merhige,54.0,False
Joe Nussbaum,18.0,False
Steve Rash,15.0,False
Fina Torres,26.0,False
Duke Johnson,26.0,False
Mike Leigh,608.0,False
Mark L. Lester,73.0,False
David Dobkin,71.0,False
Anna Boden,16.0,False
Nigel Cole,13.0,False
Anand Tucker,14.0,False
Steve James,23.0,False
Tomm Moore,45.0,False
John Carney,109.0,False
David Jacobson,12.0,False
Michael Corrente,30.0,False
Keith Gordon,200.0,False
Andrew Currie,8.0,False
Andrew Wilson,387.0,False
Jonathan Lynn,36.0,False
Marc Schölermann,3.0,False
Robert Moresco,53.0,False
Thomas Vinterberg,346.0,False
Ol Parker,21.0,False
David Webb Peoples,73.0,False
Bruce Beresford,78.0,False
George Tillman Jr.,88.0,False
Jason Reitman,655.0,False
Eli Roth,0.0,False
Lone Scherfig,92.0,False
Tony Richardson,62.0,False
Joe Carnahan,248.0,False
Paul Gross,329.0,False
Charles Robert Carner,18.0,False
Mike Judge,406.0,False
Michael Winterbottom,187.0,False
Paul Haggis,549.0,False
Rodrigo García,127.0,False
Nicolas Winding Refn,0.0,False
Daniel Barber,12.0,False
Sam Raimi,0.0,False
Robert Marcarelli,0.0,False
Jason Reitman,655.0,False
Guy Hamilton,82.0,False
Francis Ford Coppola,0.0,False
Adrian Lyne,213.0,False
Marc Webb,464.0,False
Jane Campion,319.0,False
Steven Soderbergh,0.0,False
Jonathan Liebesman,474.0,False
Guy Hamilton,82.0,False
Jay Russell,13.0,False
Salim Akil,70.0,False
Baz Luhrmann,1000.0,False
George Clooney,0.0,False
Bennett Miller,152.0,False
Robert Rodriguez,0.0,False
Michael Winterbottom,187.0,False
Michael Anderson,23.0,False
Guy Hamilton,82.0,False
Craig R. Baxley,22.0,False
Neil Marshall,197.0,False
Matt Bettinelli-Olpin,14.0,False
David O. Russell,737.0,False
Rob Zombie,0.0,False
Rick Famuyiwa,44.0,False
Michael Rymer,48.0,False
Sam Mendes,0.0,False
Rob Zombie,0.0,False
Ethan Coen,1000.0,False
Aaron Schneider,11.0,False
Steve Miner,49.0,False
Tom Ford,192.0,False
Martin Scorsese,17000.0,False
Michael Corrente,30.0,False
Gurinder Chadha,98.0,False
Don Michael Paul,70.0,False
Tony Maylam,6.0,False
Mitch Davis,7.0,False
David Mamet,342.0,False
Jay Duplass,157.0,False
Kevin Brodie,0.0,False
Paul Schrader,261.0,False
George Hickenlooper,60.0,False
Lynne Ramsay,159.0,False
Tim Chambers,2.0,False
Rodrigo García,127.0,False
Dick Richards,6.0,False
Sofia Coppola,0.0,False
Alex Zamm,43.0,False
Spencer Susser,58.0,False
Thaddeus O'Sullivan,5.0,False
Peter Sollett,6.0,False
Shari Springer Berman,30.0,False
Stephen Milburn Anderson,0.0,False
Richard E. Grant,554.0,False
Clint Eastwood,16000.0,False
Richard Linklater,0.0,False
Arie Posin,3.0,False
Damian Nieman,0.0,False
Mark Tonderai,13.0,False
John R. Leonetti,40.0,False
Rachel Perkins,3.0,False
John Singleton,309.0,False
Luis Valdez,7.0,False
Brian De Palma,0.0,False
Stephen Sommers,208.0,False
Doug Liman,218.0,False
Nicole Holofcener,132.0,False
Louis Morneau,38.0,False
Caroline Link,11.0,False
Steve McQueen,0.0,False
Matthew Vaughn,905.0,False
Sterling Van Wagenen,0.0,False
Zal Batmanglij,129.0,False
Michael Mayer,15.0,False
Oren Moverman,38.0,False
Anton Corbijn,210.0,False
James Cameron,0.0,False
Tom Hooper,0.0,False
Kevin Smith,0.0,False
Randal Kleiser,116.0,False
Oliver Stone,0.0,False
Michael Moore,909.0,False
George Roy Hill,131.0,False
Robert Stevenson,55.0,False
Robert Redford,0.0,False
Frank Coraci,153.0,False
Jerome Robbins,34.0,False
Harold Ramis,11000.0,False
Gary Hardwick,10.0,False
Rick Famuyiwa,44.0,False
Bryan Singer,0.0,False
Stephen Hopkins,81.0,False
Walt Becker,12.0,False
Darren Aronofsky,0.0,False
King Vidor,54.0,False
Christopher Guest,378.0,False
John Carpenter,0.0,False
Spike Lee,0.0,False
Fred Savage,0.0,False
Donald Petrie,80.0,False
Peter Howitt,29.0,False
Rusty Cundieff,38.0,False
Kevin Macdonald,162.0,False
Dominique Othenin-Girard,2.0,False
Richard Linklater,0.0,False
Ed Harris,0.0,False
Risa Bramon Garcia,112.0,False
Brian Klugman,49.0,False
Raymond De Felitta,20.0,False
John Michael McDonagh,51.0,False
Deb Hagan,0.0,False
Sofia Coppola,0.0,False
Zach Cregger,138.0,False
Zach Braff,0.0,False
Mark Tarlov,3.0,False
John Cameron Mitchell,263.0,False
Sheldon Lettich,23.0,False
Billy Ray,53.0,False
David Atkins,8.0,False
Jonathan Levine,129.0,False
Sylvio Tabet,0.0,False
Rick Bieber,11.0,False
Shana Feste,19.0,False
Joey Lauren Adams,781.0,False
Peter Cattaneo,11.0,False
S.R. Bindler,0.0,False
Stefan Ruzowitzky,24.0,False
Barbet Schroeder,58.0,False
Gurinder Chadha,98.0,False
John Sayles,407.0,False
Preston A. Whitmore II,17.0,False
George Roy Hill,131.0,False
Hugh Hudson,46.0,False
Darren Grant,0.0,False
Scott Hicks,96.0,False
Joseph Gordon-Levitt,23000.0,False
Terry Zwigoff,72.0,False
Richard Eyre,14.0,False
Émile Gaudreault,9.0,False
James Cox,10.0,False
Spike Lee,0.0,False
James Toback,56.0,False
George Ratliff,3.0,False
David Wain,136.0,False
Michael McGowan,12.0,False
James Wan,0.0,False
Darren Lynn Bousman,163.0,False
Dan Trachtenberg,16.0,False
Jeff Tremaine,79.0,False
David F. Sandberg,26.0,False
Henry Joost,24.0,False
Stiles White,10.0,False
Chuck Russell,55.0,False
Joel Edgerton,0.0,False
Henry Joost,24.0,False
Henry Koster,28.0,False
Rachel Talalay,54.0,False
Patty Jenkins,260.0,False
Christopher Landon,52.0,False
Jean-Marc Vallée,212.0,False
David Gelb,26.0,False
Christopher Nolan,22000.0,False
Mike Flanagan,59.0,False
Kevin Smith,0.0,False
Stephen Daldry,335.0,False
Nat Faxon,214.0,False
George Jackson,0.0,False
Maurice Joyce,0.0,False
Robert Duvall,3000.0,False
Jesse Peretz,37.0,False
Ice Cube,0.0,False
Tim Blake Nelson,596.0,False
John Erick Dowdle,66.0,False
Kasi Lemmons,148.0,False
Richard Glatzer,25.0,False
Rob Hedden,6.0,False
Joel Zwick,38.0,False
Harmony Korine,520.0,False
Joe Chappelle,13.0,False
Edgar Wright,1000.0,False
Mickey Liddell,7.0,False
John Sayles,407.0,False
Dwight H. Little,27.0,False
Fred Walton,17.0,False
Barry Levinson,272.0,False
Steve Carver,8.0,False
Gonzalo López-Gallego,17.0,False
Christine Jeffs,19.0,False
John Erick Dowdle,66.0,False
Bill Duke,1000.0,False
Mamoru Hosoda,99.0,False
Brian Dannelly,12.0,False
J.S. Cardone,23.0,False
Jay Levey,3.0,False
Tamara Jenkins,84.0,False
Jon Favreau,4000.0,False
Duncan Jones,0.0,False
Atom Egoyan,460.0,False
Randall Miller,19.0,False
Peter Jackson,0.0,False
Michael Polish,35.0,False
Dan Rush,7.0,False
Jake Kasdan,52.0,False
Brad Anderson,122.0,False
Paul Schrader,261.0,False
Michael Cuesta,52.0,False
John Cameron Mitchell,263.0,False
Fenton Bailey,13.0,False
Jeremy Saulnier,57.0,False
Wes Anderson,0.0,False
Kevin Spacey,18000.0,False
Nicholas Fackler,6.0,False
Morgan J. Freeman,204.0,False
Brian De Palma,0.0,False
Klaus Menzel,34.0,False
Billy Bob Thornton,0.0,False
Eli Roth,0.0,False
Michael Winterbottom,187.0,False
Jeff Nichols,337.0,False
Frank LaLoggia,7.0,False
Tobe Hooper,365.0,False
Nicolas Winding Refn,0.0,False
Tom Kalin,4.0,False
Hugh Wilson,37.0,False
Mike Newell,179.0,False
Spike Lee,0.0,False
Lana Wachowski,0.0,False
Darren Aronofsky,0.0,False
Richard Kelly,219.0,False
Jonas Åkerlund,68.0,False
Barry Skolnick,0.0,False
Agnieszka Wojtowicz-Vosloo,0.0,False
Milos Forman,869.0,False
Nick Love,63.0,False
Niki Caro,51.0,False
Joe Wright,456.0,False
Neil Jordan,277.0,False
Bob Clark,84.0,False
George A. Romero,0.0,False
Sofia Coppola,0.0,False
Woody Allen,11000.0,False
Cecil B. DeMille,309.0,False
Ridley Scott,0.0,False
Marc Forster,395.0,False
Henry Hobson,9.0,False
Mike Figgis,81.0,False
Rob Cohen,357.0,False
Lisa Cholodenko,450.0,False
John Carpenter,0.0,False
Ed Gass-Donnelly,8.0,False
Richard Linklater,0.0,False
Woody Allen,11000.0,False
Tim Burton,13000.0,False
DJ Pooh,69.0,False
DJ Pooh,69.0,False
Wayne Kramer,47.0,False
Patrick Stettner,5.0,False
Wes Craven,0.0,False
Michael Tiddes,89.0,False
Roger Avary,675.0,False
Allison Anders,99.0,False
Steven Shainberg,30.0,False
Rick de Oliveira,2.0,False
Oliver Stone,0.0,False
Christopher Guest,378.0,False
Jeff Franklin,24.0,False
John Dahl,131.0,False
Mike Mills,101.0,False
Dave McKean,21.0,False
Ruggero Deodato,101.0,False
Mars Callahan,60.0,False
Mike Figgis,81.0,False
David Gordon Green,234.0,False
Stefan Schwartz,13.0,False
Renny Harlin,212.0,False
Robert Lee King,0.0,False
Kevin Allen,8.0,False
David Schwimmer,0.0,False
Barry Levinson,272.0,False
Anne Fontaine,105.0,False
Jim Mickle,53.0,False
Stephen Kay,19.0,False
Victor Fleming,149.0,False
Richard Raymond,10.0,False
Sam Peckinpah,541.0,False
George Sidney,24.0,False
Peter Stebbings,89.0,False
Vincente Minnelli,136.0,False
Dagur Kári,29.0,False
Nicholas Hytner,13.0,False
Jaume Collet-Serra,174.0,False
Peter Cattaneo,11.0,False
Jim Abrahams,104.0,False
F. Gary Gray,473.0,False
Albert Hughes,117.0,False
Michael Gornick,10.0,False
Robert Eggers,22.0,False
Michael Martin,0.0,False
Edward Burns,0.0,False
Bill Condon,386.0,False
Sam Raimi,0.0,False
Louis C.K.,0.0,False
Robert Cary,0.0,False
Akiva Schaffer,82.0,False
Adam Rapp,9.0,False
Angela Robinson,23.0,False
J.C. Chandor,78.0,False
Clark Gregg,0.0,False
Damien Chazelle,141.0,False
Justin Kerrigan,8.0,False
Alejandro Monteverde,38.0,False
Mike Mills,101.0,False
John Landis,644.0,False
Guy Hamilton,82.0,False
Danny Boyle,0.0,False
Spike Lee,0.0,False
Tod Williams,21.0,False
Kirk Jones,52.0,False
Michael Moore,909.0,False
Jack Sholder,28.0,False
James Ivory,133.0,False
James DeMonaco,65.0,False
Scott Derrickson,301.0,False
David Raynr,9.0,False
Charles Martin Smith,188.0,False
Tom McLoughlin,41.0,False
David Lean,767.0,False
Patrick Read Johnson,32.0,False
Adam Marcus,18.0,False
Michel Gondry,1000.0,False
Benny Boom,23.0,False
Nnegest Likké,18.0,False
Richard Linklater,0.0,False
Christopher Leitch,4.0,False
Don Coscarelli,152.0,False
Patricia Cardoso,15.0,False
Damien O'Donnell,70.0,False
Peter M. Cohen,0.0,False
Mira Nair,300.0,False
Anthony Hickox,16.0,False
Tom Schulman,45.0,False
Jill Sprecher,11.0,False
Darren Stein,18.0,False
Julian Schnabel,232.0,False
George Gallo,269.0,False
Kevin Smith,0.0,False
David Nixon,13.0,False
Jason Eisener,59.0,False
Leslye Headland,21.0,False
Tim Heidecker,78.0,False
Rupert Wyatt,81.0,False
Deon Taylor,26.0,False
Jason Alexander,700.0,False
Xavier Gens,87.0,False
Tim Burton,13000.0,False
Kenneth Branagh,0.0,False
Susan Seidelman,39.0,False
Craig Brewer,153.0,False
Billy Wilder,0.0,False
John Carl Buechler,152.0,False
Victor Fleming,149.0,False
Mel Brooks,0.0,False
George A. Romero,0.0,False
Victor Nunez,9.0,False
Mel Brooks,0.0,False
Joseph Zito,17.0,False
James Ivory,133.0,False
Rand Ravich,7.0,False
Michael Tiddes,89.0,False
Dinesh D'Souza,67.0,False
Rob Zombie,0.0,False
Tom Hanks,15000.0,False
Tommy Lee Wallace,24.0,False
Leslie Small,15.0,False
Gus Van Sant,835.0,False
Zach Braff,0.0,False
Richard Linklater,0.0,False
Alison Maclean,7.0,False
Jake Schreier,14.0,False
Isabel Coixet,148.0,False
James Ponsoldt,53.0,False
Larry Charles,119.0,False
Joshua Tickell,9.0,False
Rawson Marshall Thurber,43.0,False
Michael D. Sellers,0.0,False
Reed Cowan,0.0,False
James Dodson,8.0,False
James Gunn,571.0,False
Spike Lee,0.0,False
Robby Henson,9.0,False
Shane Meadows,222.0,False
Carmen Marron,29.0,False
Steve Miner,49.0,False
Danny Steinmann,13.0,False
Michael Landon Jr.,84.0,False
William Wyler,355.0,False
Terence Young,92.0,False
Michael Herz,6.0,False
David Robert Mitchell,421.0,False
George Miller,750.0,False
Kimberly Peirce,108.0,False
Chris Kentis,9.0,False
Alex Kendrick,589.0,False
Chris Eyre,149.0,False
Richard Linklater,0.0,False
Catherine Hardwicke,308.0,False
Debra Granik,81.0,False
Miranda July,244.0,False
Max Joseph,31.0,False
David Ayer,453.0,False
Jerry Jameson,5.0,False
Steven Soderbergh,0.0,False
Kevin Tenney,85.0,False
Kenneth Branagh,0.0,False
John Cameron Mitchell,263.0,False
Gary Rogers,0.0,False
Marielle Heller,22.0,False
David Sington,90.0,False
Fenton Bailey,13.0,False
Huck Botko,10.0,False
David Duchovny,0.0,False
Lance Mungia,4.0,False
Hue Rhodes,0.0,False
Roland Emmerich,776.0,False
Hunter Richards,11.0,False
Laurie Collyer,38.0,False
Bruce McCulloch,54.0,False
Ralph Ziman,5.0,False
Orson Welles,0.0,False
Paul Bunnell,5.0,False
Tim Hunter,28.0,False
Michael Polish,35.0,False
Rodrigo Cortés,89.0,False
Kimberly Peirce,108.0,False
Wes Craven,0.0,False
James Marsh,120.0,False
Jamal Hill,47.0,False
Daniel Stamm,13.0,False
Benh Zeitlin,188.0,False
Maggie Greenwald,9.0,False
Lucky McKee,75.0,False
Todd Field,143.0,False
Steven R. Monroe,68.0,False
Mark Illsley,3.0,False
Pawel Pawlikowski,84.0,False
Sally Potter,87.0,False
Adam Goldberg,1000.0,False
Zack Snyder,0.0,False
Adrienne Shelly,191.0,False
Newt Arnold,15.0,False
Noah Baumbach,387.0,False
Charles Herman-Wurmfeld,0.0,False
Atom Egoyan,460.0,False
Vincent Gallo,787.0,False
James Wan,0.0,False
Rebecca Miller,58.0,False
Maggie Carey,38.0,False
Roger Avary,675.0,False
Henry Bean,21.0,False
Brad Anderson,122.0,False
Jeff Garlin,522.0,False
Charles Chaplin,0.0,False
Pete Jones,18.0,False
Bruce Campbell,0.0,False
Bruce McDonald,49.0,False
James Mottern,7.0,False
Rob Zombie,0.0,False
Christopher McQuarrie,188.0,False
William Cottrell,0.0,False
Zak Penn,87.0,False
Guy Ritchie,0.0,False
Steve Buscemi,12000.0,False
Rich Cowan,7.0,False
Harold Becker,17.0,False
Jonathan Kesselman,4.0,False
Steve Miner,49.0,False
Steven Soderbergh,0.0,False
James Wan,0.0,False
Jay Chandrasekhar,422.0,False
Scott Derrickson,301.0,False
Kenneth Lonergan,50.0,False
Paul McGuigan,118.0,False
Jamie Babbit,91.0,False
David Boyd,29.0,False
Quentin Tarantino,16000.0,False
Steve Taylor,14.0,False
Kurt Voss,0.0,False
Rob Bowman,38.0,False
Rob McKittrick,6.0,False
Jeff Burr,155.0,False
Panos Cosmatos,22.0,False
John G. Avildsen,80.0,False
John Carpenter,0.0,False
Levan Gabriadze,6.0,False
Joe Dante,287.0,False
Terence Young,92.0,False
Bradley Parker,18.0,False
Clive Barker,385.0,False
Harold Cronk,18.0,False
Jeff Wadlow,65.0,False
Derek Cianfrance,310.0,False
Duncan Tucker,2.0,False
William Brent Bell,19.0,False
Russ Meyer,199.0,False
Eli Roth,0.0,False
Ben Lewin,20.0,False
Brad Anderson,122.0,False
Jason Reitman,655.0,False
Courtney Hunt,33.0,False
Morgan Neville,9.0,False
James Toback,56.0,False
Nicole Holofcener,132.0,False
Peter Cattaneo,11.0,False
Chris Paine,2.0,False
Greg Berlanti,112.0,False
Rob Letterman,11.0,False
Marc Levin,12.0,False
Richard Dutcher,13.0,False
Trey Parker,406.0,False
David Gordon Green,234.0,False
Finn Taylor,4.0,False
Karen Moncrieff,22.0,False
Goran Dukic,21.0,False
Efram Potelle,2.0,False
Peter Jackson,0.0,False
Alex Gibney,141.0,False
Paul Crowder,10.0,False
Anthony Powell,9.0,False
Johnny Remo,74.0,False
Ti West,243.0,False
Nick Tomnay,11.0,False
John Hamburg,29.0,False
Craig Mazin,82.0,False
Eric Nicholas,0.0,False
Benjamin Dickinson,4.0,False
Hal Haberman,0.0,False
Brian Trenchard-Smith,53.0,False
Frank Whaley,436.0,False
Danny Boyle,0.0,False
Elia Kazan,603.0,False
Kat Coiro,28.0,False
David Slade,171.0,False
Jamie Babbit,91.0,False
Ryan Coogler,0.0,False
Ramaa Mosley,6.0,False
Ric Roman Waugh,29.0,False
C. Jay Cox,6.0,False
Jamie Travis,15.0,False
Rich Christiano,14.0,False
Todd Solondz,377.0,False
Victor Nunez,9.0,False
Peter Sollett,6.0,False
Rod Lurie,37.0,False
George Lucas,0.0,False
Matt Maiellaro,8.0,False
Colin Trevorrow,365.0,False
Ben Wheatley,214.0,False
Ti West,243.0,False
David S. Goyer,687.0,False
Neil Burger,168.0,False
Oliver Blackburn,4.0,False
Steve James,23.0,False
Michael Cuesta,52.0,False
Peter Jackson,0.0,False
Jaume Collet-Serra,174.0,False
Ryan Fleck,31.0,False
Mark Sandrich,10.0,False
Daniel Myrick,19.0,False
Michael Wadleigh,14.0,False
Jon Gunn,16.0,False
Scott Ziehl,4.0,False
Richard Lester,44.0,False
Alex Kendrick,589.0,False
Joe Camp,24.0,False
Chris Kentis,9.0,False
John 'Bud' Cardos,8.0,False
Tom McCarthy,310.0,False
Brian Baugh,3.0,False
Barry W. Blaustein,6.0,False
Joseph Dorman,0.0,False
Greg Harrison,7.0,False
Michael Polish,35.0,False
Jacob Aaron Estes,9.0,False
Morgan J. Freeman,204.0,False
Eric Schaeffer,71.0,False
Neema Barnette,21.0,False
Steve Buscemi,12000.0,False
Justin Lin,681.0,False
Quentin Dupieux,248.0,False
Tim Johnson,12.0,False
C. Jay Cox,6.0,False
Alex Smith,12.0,False
Gareth Edwards,380.0,False
Alex Craig Mann,38.0,False
Tamra Davis,33.0,False
Sam Raimi,0.0,False
Matty Rich,10.0,False
Paul Greengrass,521.0,False
Hans Canosa,3.0,False
Lloyd Kaufman,365.0,False
Lloyd Bacon,24.0,False
Whit Stillman,89.0,False
Jared Hess,100.0,False
Jeremy Saulnier,57.0,False
Oren Peli,110.0,False
Terry Gilliam,0.0,False
Jonathan Caouette,20.0,False
Tom Vaughan,12.0,False
Harry Beaumont,4.0,False
Franck Khalfoun,33.0,False
Henry Alex Rubin,30.0,False
Sam Firstenberg,44.0,False
John Carpenter,0.0,False
Gavin O'Connor,149.0,False
Gregory Widen,10.0,False
Peter Hedges,54.0,False
Kelly Reichardt,129.0,False
Kelly Reichardt,129.0,False
Eddie O'Flaherty,3.0,False
Julie Taymor,278.0,False
Bruce Dellis,0.0,False
Craig Zobel,25.0,False
Kevin Smith,0.0,False
Nicole Holofcener,132.0,False
Justin Lin,681.0,False
Maria Maggenti,4.0,False
Miguel Arteta,44.0,False
Piyush Dinker Pandya,0.0,False
Vincenzo Natali,165.0,False
Bill Plympton,45.0,False
Greg Harrison,7.0,False
Drake Doremus,52.0,False
Paul Schrader,261.0,False
Tom Putnam,15.0,False
Jon Shear,0.0,False
Eugène Lourié,7.0,False
Doug Liman,218.0,False
Steven Soderbergh,0.0,False
Ricki Stern,15.0,False
Andrew Haigh,131.0,False
Spike Lee,0.0,False
Mike Cahill,135.0,False
Melvin Van Peebles,101.0,False
Gary Winick,56.0,False
John Carney,109.0,False
Michel Orion Scott,0.0,False
Tobe Hooper,365.0,False
Michael Moore,909.0,False
Alex Kendrick,589.0,False
Travis Cluff,3.0,False
Robert Townsend,467.0,False
Larry Blamire,56.0,False
E.L. Katz,3.0,False
Dennis Iliadis,29.0,False
Darren Aronofsky,0.0,False
Myles Berkowitz,0.0,False
Morgan Spurlock,293.0,False
Brandon Trost,32.0,False
Joe Swanberg,217.0,False
Edward Burns,0.0,False
Lena Dunham,969.0,False
David Gordon Green,234.0,False
Kevin Jordan,4.0,False
Kevin Smith,0.0,False
Neil LaBute,119.0,False
David Ayer,453.0,False
Richard Linklater,0.0,False
John Waters,0.0,False
Shane Carruth,291.0,False
Jon Gunn,16.0,False
